_id,pid,name
ObjectID(53eac61e7556f4e95ba51025),"0","手机数码"
ObjectID(53eac62c7556f4eb5ba51031),"0","电脑办公"
ObjectID(53eac6577556f4f15ba51025),"0","家居、家具、厨具"
ObjectID(53eac66a7556f4ec5ba51026),"0","服饰鞋帽"
ObjectID(53eac6837556f4f05ba51025),"0","箱包钟表"
ObjectID(53eac68e7556f4f35ba51025),"0","家用电器"
ObjectID(53eac6a27556f4ea5ba51025),"0","运动户外"
ObjectID(53eac6b07556f4ee5ba51025),"0","汽车用品"
ObjectID(53eac6c57556f4f25ba51025),"0","食品饮料"
ObjectID(53eac6d27556f4ef5ba51026),"0","营养保健"
ObjectID(53eac6e47556f4e95ba51026),"0","个护化妆"
ObjectID(53eac6f57556f4ed5ba51025),"0","玩具乐器"
ObjectID(53eac7017556f4eb5ba51032),"0","母婴用品"
ObjectID(53eac7737556f4f05ba51026),"53eac61e7556f4e95ba51025","手机通讯"
ObjectID(53eac7827556f4f35ba51026),"53eac61e7556f4e95ba51025","手机配件"
ObjectID(53eac7967556f4f25ba51026),"53eac61e7556f4e95ba51025","摄影摄像"
ObjectID(53eac7a37556f4ef5ba51027),"53eac61e7556f4e95ba51025","数码配件"
ObjectID(53eac7af7556f4e95ba51027),"53eac61e7556f4e95ba51025","时尚影音"
ObjectID(53eac7c87556f4ed5ba51026),"53eac7737556f4f05ba51026","手机"
ObjectID(53eac7c87556f4ed5ba51027),"53eac7737556f4f05ba51026","对讲机"
ObjectID(53eac7e17556f4eb5ba51033),"53eac7827556f4f35ba51026","电池"
ObjectID(53eac7e17556f4eb5ba51034),"53eac7827556f4f35ba51026","蓝牙耳机"
ObjectID(53eac7e17556f4eb5ba51035),"53eac7827556f4f35ba51026","充电器"
ObjectID(53eac7e17556f4eb5ba51036),"53eac7827556f4f35ba51026","数据线"
ObjectID(53eac7e17556f4eb5ba51037),"53eac7827556f4f35ba51026","手机耳机"
ObjectID(53eac7e17556f4eb5ba51038),"53eac7827556f4f35ba51026","贴膜"
ObjectID(53eac7e17556f4eb5ba51039),"53eac7827556f4f35ba51026","存储卡"
ObjectID(53eac7e17556f4eb5ba5103a),"53eac7827556f4f35ba51026","保护套"
ObjectID(53eac7e17556f4eb5ba5103b),"53eac7827556f4f35ba51026","车载iPhone配件"
ObjectID(53eac7e17556f4eb5ba5103c),"53eac7827556f4f35ba51026","创意配件"
ObjectID(53eac7e17556f4eb5ba5103d),"53eac7827556f4f35ba51026","便携/无线音箱"
ObjectID(53eac7e17556f4eb5ba5103e),"53eac7827556f4f35ba51026","手机饰品"
ObjectID(53eac7fb7556f4f15ba51027),"53eac7967556f4f25ba51026","数码相机"
ObjectID(53eac7fb7556f4f15ba51028),"53eac7967556f4f25ba51026","单电/微单相机"
ObjectID(53eac7fb7556f4f15ba51029),"53eac7967556f4f25ba51026","单反相机"
ObjectID(53eac7fb7556f4f15ba5102a),"53eac7967556f4f25ba51026","摄像机"
ObjectID(53eac7fb7556f4f15ba5102b),"53eac7967556f4f25ba51026","拍立得"
ObjectID(53eac7fb7556f4f15ba5102c),"53eac7967556f4f25ba51026","镜头"
ObjectID(53eac80e7556f4ec5ba51027),"53eac7a37556f4ef5ba51027","存储卡"
ObjectID(53eac80e7556f4ec5ba51028),"53eac7a37556f4ef5ba51027","读卡器"
ObjectID(53eac80e7556f4ec5ba51029),"53eac7a37556f4ef5ba51027","滤镜"
ObjectID(53eac80e7556f4ec5ba5102a),"53eac7a37556f4ef5ba51027","闪光灯/手柄"
ObjectID(53eac80e7556f4ec5ba5102b),"53eac7a37556f4ef5ba51027","相机包"
ObjectID(53eac80e7556f4ec5ba5102c),"53eac7a37556f4ef5ba51027","三脚架/云台"
ObjectID(53eac80e7556f4ec5ba5102d),"53eac7a37556f4ef5ba51027","相机"
ObjectID(53eac80e7556f4ec5ba5102e),"53eac7a37556f4ef5ba51027","清洁"
ObjectID(53eac80e7556f4ec5ba5102f),"53eac7a37556f4ef5ba51027","相机贴膜"
ObjectID(53eac80e7556f4ec5ba51030),"53eac7a37556f4ef5ba51027","机身附件"
ObjectID(53eac80e7556f4ec5ba51031),"53eac7a37556f4ef5ba51027","镜头附件"
ObjectID(53eac80e7556f4ec5ba51032),"53eac7a37556f4ef5ba51027","电池/充电器"
ObjectID(53eac80e7556f4ec5ba51033),"53eac7a37556f4ef5ba51027","移动电源"
ObjectID(53eac81f7556f4f05ba51027),"53eac7af7556f4e95ba51027","MP3/MP4"
ObjectID(53eac81f7556f4f05ba51028),"53eac7af7556f4e95ba51027","智能设备"
ObjectID(53eac81f7556f4f05ba51029),"53eac7af7556f4e95ba51027","耳机/耳麦"
ObjectID(53eac81f7556f4f05ba5102a),"53eac7af7556f4e95ba51027","音箱"
ObjectID(53eac81f7556f4f05ba5102b),"53eac7af7556f4e95ba51027","高清播放器"
ObjectID(53eac81f7556f4f05ba5102c),"53eac7af7556f4e95ba51027","电子书"
ObjectID(53eac81f7556f4f05ba5102d),"53eac7af7556f4e95ba51027","电子词典"
ObjectID(53eac81f7556f4f05ba5102e),"53eac7af7556f4e95ba51027","MP3/MP4配件"
ObjectID(53eac81f7556f4f05ba5102f),"53eac7af7556f4e95ba51027","录音笔"
ObjectID(53eac81f7556f4f05ba51030),"53eac7af7556f4e95ba51027","麦克风"
ObjectID(53eac81f7556f4f05ba51031),"53eac7af7556f4e95ba51027","专业音频"
ObjectID(53eac81f7556f4f05ba51032),"53eac7af7556f4e95ba51027","电子教育"
ObjectID(53eac81f7556f4f05ba51033),"53eac7af7556f4e95ba51027","数码相框"
ObjectID(53eac81f7556f4f05ba51034),"53eac7af7556f4e95ba51027","苹果配件"
ObjectID(53eac87c7556f4f35ba51027),"53eac62c7556f4eb5ba51031","电脑整机"
ObjectID(53eac87c7556f4f35ba51028),"53eac62c7556f4eb5ba51031","电脑配件"
ObjectID(53eac87c7556f4f35ba51029),"53eac62c7556f4eb5ba51031","外设产品"
ObjectID(53eac87c7556f4f35ba5102a),"53eac62c7556f4eb5ba51031","网络产品"
ObjectID(53eac87c7556f4f35ba5102b),"53eac62c7556f4eb5ba51031","办公打印"
ObjectID(53eac87c7556f4f35ba5102c),"53eac62c7556f4eb5ba51031","办公文仪"
ObjectID(53eac87c7556f4f35ba5102d),"53eac62c7556f4eb5ba51031","服务产品"
ObjectID(53eac88f7556f4ea5ba51027),"53eac87c7556f4f35ba51027","笔记本"
ObjectID(53eac88f7556f4ea5ba51028),"53eac87c7556f4f35ba51027","超极本"
ObjectID(53eac88f7556f4ea5ba51029),"53eac87c7556f4f35ba51027","游戏本"
ObjectID(53eac88f7556f4ea5ba5102a),"53eac87c7556f4f35ba51027","平板电脑"
ObjectID(53eac88f7556f4ea5ba5102b),"53eac87c7556f4f35ba51027","平板电脑配件"
ObjectID(53eac88f7556f4ea5ba5102c),"53eac87c7556f4f35ba51027","台式机"
ObjectID(53eac88f7556f4ea5ba5102d),"53eac87c7556f4f35ba51027","服务器/工作站"
ObjectID(53eac88f7556f4ea5ba5102e),"53eac87c7556f4f35ba51027","笔记本配件"
ObjectID(53eac8a17556f4ee5ba51026),"53eac87c7556f4f35ba51028","CPU主板"
ObjectID(53eac8a17556f4ee5ba51027),"53eac87c7556f4f35ba51028","显卡"
ObjectID(53eac8a17556f4ee5ba51028),"53eac87c7556f4f35ba51028","硬盘"
ObjectID(53eac8a17556f4ee5ba51029),"53eac87c7556f4f35ba51028","SSD固态硬盘"
ObjectID(53eac8a17556f4ee5ba5102a),"53eac87c7556f4f35ba51028","内存"
ObjectID(53eac8a17556f4ee5ba5102b),"53eac87c7556f4f35ba51028","机箱"
ObjectID(53eac8a17556f4ee5ba5102c),"53eac87c7556f4f35ba51028","电源"
ObjectID(53eac8a17556f4ee5ba5102d),"53eac87c7556f4f35ba51028","显示器"
ObjectID(53eac8a17556f4ee5ba5102e),"53eac87c7556f4f35ba51028","刻录机/光驱"
ObjectID(53eac8a17556f4ee5ba5102f),"53eac87c7556f4f35ba51028","声卡/扩展卡"
ObjectID(53eac8a17556f4ee5ba51030),"53eac87c7556f4f35ba51028","散热器"
ObjectID(53eac8a17556f4ee5ba51031),"53eac87c7556f4f35ba51028","装机配件"
ObjectID(53eac8a17556f4ee5ba51032),"53eac87c7556f4f35ba51028","组装电脑"
ObjectID(53eac8b97556f4f25ba51027),"53eac87c7556f4f35ba51029","鼠标"
ObjectID(53eac8b97556f4f25ba51028),"53eac87c7556f4f35ba51029","键盘"
ObjectID(53eac8b97556f4f25ba51029),"53eac87c7556f4f35ba51029","游戏设备"
ObjectID(53eac8b97556f4f25ba5102a),"53eac87c7556f4f35ba51029","U盘"
ObjectID(53eac8b97556f4f25ba5102b),"53eac87c7556f4f35ba51029","移动硬盘"
ObjectID(53eac8b97556f4f25ba5102c),"53eac87c7556f4f35ba51029","电视盒"
ObjectID(53eac8b97556f4f25ba5102d),"53eac87c7556f4f35ba51029","摄像头"
ObjectID(53eac8b97556f4f25ba5102e),"53eac87c7556f4f35ba51029","线缆"
ObjectID(53eac8b97556f4f25ba5102f),"53eac87c7556f4f35ba51029","鼠标垫"
ObjectID(53eac8b97556f4f25ba51030),"53eac87c7556f4f35ba51029","手写板"
ObjectID(53eac8b97556f4f25ba51031),"53eac87c7556f4f35ba51029","外置盒"
ObjectID(53eac8b97556f4f25ba51032),"53eac87c7556f4f35ba51029","电脑工具"
ObjectID(53eac8b97556f4f25ba51033),"53eac87c7556f4f35ba51029","电脑清洁"
ObjectID(53eac8b97556f4f25ba51034),"53eac87c7556f4f35ba51029","UPS插座"
ObjectID(53eac8ce7556f4ef5ba51028),"53eac87c7556f4f35ba5102a","路由器"
ObjectID(53eac8ce7556f4ef5ba51029),"53eac87c7556f4f35ba5102a","网卡"
ObjectID(53eac8ce7556f4ef5ba5102a),"53eac87c7556f4f35ba5102a","交换机网络"
ObjectID(53eac8ce7556f4ef5ba5102b),"53eac87c7556f4f35ba5102a","存储"
ObjectID(53eac8ce7556f4ef5ba5102c),"53eac87c7556f4f35ba5102a","3G上网"
ObjectID(53eac8ce7556f4ef5ba5102d),"53eac87c7556f4f35ba5102a","网络盒子"
ObjectID(53eac8e37556f4e95ba51028),"53eac87c7556f4f35ba5102b","打印机"
ObjectID(53eac8e37556f4e95ba51029),"53eac87c7556f4f35ba5102b","一体机"
ObjectID(53eac8e37556f4e95ba5102a),"53eac87c7556f4f35ba5102b","投影机"
ObjectID(53eac8e37556f4e95ba5102b),"53eac87c7556f4f35ba5102b","投影配件"
ObjectID(53eac8e37556f4e95ba5102c),"53eac87c7556f4f35ba5102b","传真机"
ObjectID(53eac8e37556f4e95ba5102d),"53eac87c7556f4f35ba5102b","复合机"
ObjectID(53eac8e37556f4e95ba5102e),"53eac87c7556f4f35ba5102b","碎纸机"
ObjectID(53eac8e37556f4e95ba5102f),"53eac87c7556f4f35ba5102b","扫描仪"
ObjectID(53eac8e37556f4e95ba51030),"53eac87c7556f4f35ba5102b","墨盒"
ObjectID(53eac8e37556f4e95ba51031),"53eac87c7556f4f35ba5102b","硒鼓"
ObjectID(53eac8e37556f4e95ba51032),"53eac87c7556f4f35ba5102b","墨粉"
ObjectID(53eac8e37556f4e95ba51033),"53eac87c7556f4f35ba5102b","色带"
ObjectID(53eac8f77556f4ed5ba51028),"53eac87c7556f4f35ba5102c","办公文具"
ObjectID(53eac8f77556f4ed5ba51029),"53eac87c7556f4f35ba5102c","文件管理"
ObjectID(53eac8f77556f4ed5ba5102a),"53eac87c7556f4f35ba5102c","笔类"
ObjectID(53eac8f77556f4ed5ba5102b),"53eac87c7556f4f35ba5102c","纸类"
ObjectID(53eac8f77556f4ed5ba5102c),"53eac87c7556f4f35ba5102c","本册/便签"
ObjectID(53eac8f77556f4ed5ba5102d),"53eac87c7556f4f35ba5102c","学生文具"
ObjectID(53eac8f77556f4ed5ba5102e),"53eac87c7556f4f35ba5102c","财务用品"
ObjectID(53eac8f77556f4ed5ba5102f),"53eac87c7556f4f35ba5102c","计算器"
ObjectID(53eac8f77556f4ed5ba51030),"53eac87c7556f4f35ba5102c","激光笔"
ObjectID(53eac8f77556f4ed5ba51031),"53eac87c7556f4f35ba5102c","白板/封装"
ObjectID(53eac8f77556f4ed5ba51032),"53eac87c7556f4f35ba5102c","考勤机"
ObjectID(53eac8f77556f4ed5ba51033),"53eac87c7556f4f35ba5102c","刻录碟片/附件"
ObjectID(53eac8f77556f4ed5ba51034),"53eac87c7556f4f35ba5102c","点钞机"
ObjectID(53eac8f77556f4ed5ba51035),"53eac87c7556f4f35ba5102c","支付设备/POS机"
ObjectID(53eac8f77556f4ed5ba51036),"53eac87c7556f4f35ba5102c","安防监控"
ObjectID(53eac8f77556f4ed5ba51037),"53eac87c7556f4f35ba5102c","呼叫/会议设备"
ObjectID(53eac8f77556f4ed5ba51038),"53eac87c7556f4f35ba5102c","保险柜"
ObjectID(53eac8f77556f4ed5ba51039),"53eac87c7556f4f35ba5102c","办公家具"
ObjectID(53eac9087556f4eb5ba5103f),"53eac87c7556f4f35ba5102d","上门服务"
ObjectID(53eac9087556f4eb5ba51040),"53eac87c7556f4f35ba5102d","远程服务"
ObjectID(53eac9087556f4eb5ba51041),"53eac87c7556f4f35ba5102d","电脑软件"
ObjectID(53eac9767556f4f15ba5102d),"53eac66a7556f4ec5ba51026","女装"
ObjectID(53eac9767556f4f15ba5102e),"53eac66a7556f4ec5ba51026","男装"
ObjectID(53eac9767556f4f15ba5102f),"53eac66a7556f4ec5ba51026","内衣"
ObjectID(53eac9767556f4f15ba51030),"53eac66a7556f4ec5ba51026","服饰配件"
ObjectID(53eac9767556f4f15ba51031),"53eac66a7556f4ec5ba51026","珠宝首饰"
ObjectID(53eac9ad7556f4ec5ba51034),"53eac6837556f4f05ba51025","女鞋"
ObjectID(53eac9ad7556f4ec5ba51035),"53eac6837556f4f05ba51025","男鞋"
ObjectID(53eac9ad7556f4ec5ba51036),"53eac6837556f4f05ba51025","女包"
ObjectID(53eac9ad7556f4ec5ba51037),"53eac6837556f4f05ba51025","男包"
ObjectID(53eac9ad7556f4ec5ba51038),"53eac6837556f4f05ba51025","功能箱包"
ObjectID(53eac9ad7556f4ec5ba51039),"53eac6837556f4f05ba51025","钟表"
ObjectID(53eac9ad7556f4ec5ba5103a),"53eac6837556f4f05ba51025","礼品"
ObjectID(53eac9e37556f4f05ba51035),"53eac68e7556f4f35ba51025","大家电"
ObjectID(53eac9e37556f4f05ba51036),"53eac68e7556f4f35ba51025","生活电器"
ObjectID(53eac9e37556f4f05ba51037),"53eac68e7556f4f35ba51025","厨房电器"
ObjectID(53eac9e37556f4f05ba51038),"53eac68e7556f4f35ba51025","个护健康"
ObjectID(53eac9e37556f4f05ba51039),"53eac68e7556f4f35ba51025","五金家装"
ObjectID(53eaca447556f4f35ba5102e),"53eac6a27556f4ea5ba51025","运动鞋包"
ObjectID(53eaca447556f4f35ba5102f),"53eac6a27556f4ea5ba51025","运动服饰"
ObjectID(53eaca447556f4f35ba51030),"53eac6a27556f4ea5ba51025","健身训练"
ObjectID(53eaca447556f4f35ba51031),"53eac6a27556f4ea5ba51025","骑行运动"
ObjectID(53eaca447556f4f35ba51032),"53eac6a27556f4ea5ba51025","体育用品"
ObjectID(53eaca447556f4f35ba51033),"53eac6a27556f4ea5ba51025","户外鞋服"
ObjectID(53eaca447556f4f35ba51034),"53eac6a27556f4ea5ba51025","户外装备"
ObjectID(53eaca447556f4f35ba51035),"53eac6a27556f4ea5ba51025","垂钓用品"
ObjectID(53eaca447556f4f35ba51036),"53eac6a27556f4ea5ba51025","游泳用品"
ObjectID(53eaca797556f4ea5ba5102f),"53eac6b07556f4ee5ba51025","维修保养"
ObjectID(53eaca797556f4ea5ba51030),"53eac6b07556f4ee5ba51025","车载电器"
ObjectID(53eaca797556f4ea5ba51031),"53eac6b07556f4ee5ba51025","美容清洗"
ObjectID(53eaca797556f4ea5ba51032),"53eac6b07556f4ee5ba51025","汽车装饰"
ObjectID(53eaca797556f4ea5ba51033),"53eac6b07556f4ee5ba51025","安全自驾"
ObjectID(53eacad37556f4ee5ba51033),"53eac6c57556f4f25ba51025","中外名酒"
ObjectID(53eacad37556f4ee5ba51034),"53eac6c57556f4f25ba51025","进口食品"
ObjectID(53eacad37556f4ee5ba51035),"53eac6c57556f4f25ba51025","休闲食品"
ObjectID(53eacad37556f4ee5ba51036),"53eac6c57556f4f25ba51025","地方特产"
ObjectID(53eacad37556f4ee5ba51037),"53eac6c57556f4f25ba51025","茗茶"
ObjectID(53eacad37556f4ee5ba51038),"53eac6c57556f4f25ba51025","饮料冲调"
ObjectID(53eacad37556f4ee5ba51039),"53eac6c57556f4f25ba51025","粮油调味"
ObjectID(53eacb137556f4f25ba51035),"53eac6d27556f4ef5ba51026","营养健康"
ObjectID(53eacb137556f4f25ba51036),"53eac6d27556f4ef5ba51026","营养成分"
ObjectID(53eacb137556f4f25ba51037),"53eac6d27556f4ef5ba51026","传统滋补"
ObjectID(53eacb137556f4f25ba51038),"53eac6d27556f4ef5ba51026","成人用品"
ObjectID(53eacb137556f4f25ba51039),"53eac6d27556f4ef5ba51026","保健器械"
ObjectID(53eacb137556f4f25ba5103a),"53eac6d27556f4ef5ba51026","急救卫生"
ObjectID(53eacb457556f4ef5ba5102e),"53eac6e47556f4e95ba51026","面部护肤"
ObjectID(53eacb457556f4ef5ba5102f),"53eac6e47556f4e95ba51026","洗发护肤"
ObjectID(53eacb457556f4ef5ba51030),"53eac6e47556f4e95ba51026","身体护肤"
ObjectID(53eacb457556f4ef5ba51031),"53eac6e47556f4e95ba51026","口腔护理"
ObjectID(53eacb457556f4ef5ba51032),"53eac6e47556f4e95ba51026","女性护理"
ObjectID(53eacb457556f4ef5ba51033),"53eac6e47556f4e95ba51026","香水彩妆"
ObjectID(53eacbb57556f4e95ba51034),"53eac6f57556f4ed5ba51025","适用年龄"
ObjectID(53eacbb57556f4e95ba51035),"53eac6f57556f4ed5ba51025","遥控/电动"
ObjectID(53eacbb57556f4e95ba51036),"53eac6f57556f4ed5ba51025","毛绒布艺"
ObjectID(53eacbb57556f4e95ba51037),"53eac6f57556f4ed5ba51025","娃娃玩具"
ObjectID(53eacbb57556f4e95ba51038),"53eac6f57556f4ed5ba51025","模型玩具"
ObjectID(53eacbb57556f4e95ba51039),"53eac6f57556f4ed5ba51025","健身玩具"
ObjectID(53eacbb57556f4e95ba5103a),"53eac6f57556f4ed5ba51025","动漫玩具"
ObjectID(53eacbb57556f4e95ba5103b),"53eac6f57556f4ed5ba51025","益智玩具"
ObjectID(53eacbb57556f4e95ba5103c),"53eac6f57556f4ed5ba51025","积木拼插"
ObjectID(53eacbb57556f4e95ba5103d),"53eac6f57556f4ed5ba51025","DIY玩具"
ObjectID(53eacbb57556f4e95ba5103e),"53eac6f57556f4ed5ba51025","创意减压"
ObjectID(53eacbb57556f4e95ba5103f),"53eac6f57556f4ed5ba51025","乐器相关"
ObjectID(53eacc1e7556f4ed5ba5103a),"53eac7017556f4eb5ba51032","奶粉"
ObjectID(53eacc1e7556f4ed5ba5103b),"53eac7017556f4eb5ba51032","营养辅食"
ObjectID(53eacc1e7556f4ed5ba5103c),"53eac7017556f4eb5ba51032","尿裤湿布"
ObjectID(53eacc1e7556f4ed5ba5103d),"53eac7017556f4eb5ba51032","洗护用品"
ObjectID(53eacc1e7556f4ed5ba5103e),"53eac7017556f4eb5ba51032","童车童床"
ObjectID(53eacc1e7556f4ed5ba5103f),"53eac7017556f4eb5ba51032","喂养用品"
ObjectID(53eacc1e7556f4ed5ba51040),"53eac7017556f4eb5ba51032","寝具服饰"
ObjectID(53eacc1e7556f4ed5ba51041),"53eac7017556f4eb5ba51032","妈妈专区"
ObjectID(53eacc417556f4eb5ba51042),"53eac9767556f4f15ba5102d","外套"
ObjectID(53eacc417556f4eb5ba51043),"53eac9767556f4f15ba5102d","连衣裙"
ObjectID(53eacc417556f4eb5ba51045),"53eac9767556f4f15ba5102d","衬衫"
ObjectID(53eacc417556f4eb5ba51046),"53eac9767556f4f15ba5102d","背心"
ObjectID(53eacc417556f4eb5ba51047),"53eac9767556f4f15ba5102d","大衣"
ObjectID(53eacc417556f4eb5ba51048),"53eac9767556f4f15ba5102d","打底衫"
ObjectID(53eacc417556f4eb5ba51049),"53eac9767556f4f15ba5102d","针织开衫"
ObjectID(53eacc417556f4eb5ba5104a),"53eac9767556f4f15ba5102d","皮衣"
ObjectID(53eacc417556f4eb5ba5104b),"53eac9767556f4f15ba5102d","棉衣"
ObjectID(53eacc417556f4eb5ba5104c),"53eac9767556f4f15ba5102d","羽绒服"
ObjectID(53eacc417556f4eb5ba5104d),"53eac9767556f4f15ba5102d","短裙"
ObjectID(53eacc417556f4eb5ba5104e),"53eac9767556f4f15ba5102d","短裤"
ObjectID(53eacc417556f4eb5ba5104f),"53eac9767556f4f15ba5102d","休闲裤"
ObjectID(53eacc417556f4eb5ba51050),"53eac9767556f4f15ba5102d","连体裤"
ObjectID(53eacc417556f4eb5ba51051),"53eac9767556f4f15ba5102d","铅笔裤"
ObjectID(53eacc417556f4eb5ba51052),"53eac9767556f4f15ba5102d","背带裤"
ObjectID(53eacc417556f4eb5ba51053),"53eac9767556f4f15ba5102d","九分裤"
ObjectID(53eacc417556f4eb5ba51054),"53eac9767556f4f15ba5102d","运动套装"
ObjectID(53eacc417556f4eb5ba51055),"53eac9767556f4f15ba5102d","POLO衫"
ObjectID(53eacc417556f4eb5ba51056),"53eac9767556f4f15ba5102d","运动风衣"
ObjectID(53eacc417556f4eb5ba51057),"53eac9767556f4f15ba5102d","背心"
ObjectID(53eacc417556f4eb5ba51058),"53eac9767556f4f15ba5102d","卫衣"
ObjectID(53eacc417556f4eb5ba51059),"53eac9767556f4f15ba5102d","连衣裙"
ObjectID(53eacc417556f4eb5ba5105a),"53eac9767556f4f15ba5102d","速干套装"
ObjectID(53eacc417556f4eb5ba5105b),"53eac9767556f4f15ba5102d","健身服"
ObjectID(53eacc417556f4eb5ba5105c),"53eac9767556f4f15ba5102d","婴童服装及配饰"
ObjectID(53eacc567556f4f15ba51033),"53eac9767556f4f15ba5102e","衬衫"
ObjectID(53eacc567556f4f15ba51034),"53eac9767556f4f15ba5102e","马甲"
ObjectID(53eacc567556f4f15ba51035),"53eac9767556f4f15ba5102e","外套"
ObjectID(53eacc567556f4f15ba51036),"53eac9767556f4f15ba5102e","针织衫"
ObjectID(53eacc567556f4f15ba51037),"53eac9767556f4f15ba5102e","工装制服"
ObjectID(53eacc567556f4f15ba51038),"53eac9767556f4f15ba5102e","皮衣"
ObjectID(53eacc567556f4f15ba51039),"53eac9767556f4f15ba5102e","呢大衣"
ObjectID(53eacc567556f4f15ba5103a),"53eac9767556f4f15ba5102e","背心"
ObjectID(53eacc567556f4f15ba5103b),"53eac9767556f4f15ba5102e","羽绒"
ObjectID(53eacc567556f4f15ba5103c),"53eac9767556f4f15ba5102e","棉衣"
ObjectID(53eacc567556f4f15ba5103d),"53eac9767556f4f15ba5102e","民族装"
ObjectID(53eacc567556f4f15ba5103e),"53eac9767556f4f15ba5102e","情侣装"
ObjectID(53eacc567556f4f15ba5103f),"53eac9767556f4f15ba5102e","休闲直筒"
ObjectID(53eacc567556f4f15ba51040),"53eac9767556f4f15ba5102e","小脚休闲"
ObjectID(53eacc567556f4f15ba51041),"53eac9767556f4f15ba5102e","直筒牛仔"
ObjectID(53eacc567556f4f15ba51042),"53eac9767556f4f15ba5102e","小脚牛仔"
ObjectID(53eacc567556f4f15ba51043),"53eac9767556f4f15ba5102e","西装裤"
ObjectID(53eacc567556f4f15ba51044),"53eac9767556f4f15ba5102e","九分裤"
ObjectID(53eacc567556f4f15ba51045),"53eac9767556f4f15ba5102e","运动套装"
ObjectID(53eacc567556f4f15ba51046),"53eac9767556f4f15ba5102e","运动裤"
ObjectID(53eacc567556f4f15ba51047),"53eac9767556f4f15ba5102e","POLO衫"
ObjectID(53eacc567556f4f15ba51048),"53eac9767556f4f15ba5102e","运动风衣"
ObjectID(53eacc567556f4f15ba51049),"53eac9767556f4f15ba5102e","背心"
ObjectID(53eacc567556f4f15ba5104a),"53eac9767556f4f15ba5102e","卫衣"
ObjectID(53eacc567556f4f15ba5104b),"53eac9767556f4f15ba5102e","速干套装"
ObjectID(53eacc567556f4f15ba5104c),"53eac9767556f4f15ba5102e","健身服"
ObjectID(53eacc567556f4f15ba5104d),"53eac9767556f4f15ba5102e","婴童服装及配饰"
ObjectID(53eacc6a7556f4ec5ba5103b),"53eac9767556f4f15ba5102f","男士内衣"
ObjectID(53eacc6a7556f4ec5ba5103c),"53eac9767556f4f15ba5102f","女士内衣"
ObjectID(53eacc6a7556f4ec5ba5103d),"53eac9767556f4f15ba5102f","平角裤"
ObjectID(53eacc6a7556f4ec5ba5103e),"53eac9767556f4f15ba5102f","三角裤"
ObjectID(53eacc6a7556f4ec5ba5103f),"53eac9767556f4f15ba5102f","棉内裤"
ObjectID(53eacc6a7556f4ec5ba51040),"53eac9767556f4f15ba5102f","袜子"
ObjectID(53eacc6a7556f4ec5ba51041),"53eac9767556f4f15ba5102f","家居服"
ObjectID(53eacc6a7556f4ec5ba51042),"53eac9767556f4f15ba5102f","睡衣"
ObjectID(53eacc6a7556f4ec5ba51043),"53eac9767556f4f15ba5102f","打底内衣"
ObjectID(53eacc6a7556f4ec5ba51044),"53eac9767556f4f15ba5102f","全棉内衣"
ObjectID(53eacc6a7556f4ec5ba51045),"53eac9767556f4f15ba5102f","保暖内衣"
ObjectID(53eacc6a7556f4ec5ba51046),"53eac9767556f4f15ba5102f","文胸"
ObjectID(53eacc6a7556f4ec5ba51047),"53eac9767556f4f15ba5102f","文胸套装"
ObjectID(53eacc6a7556f4ec5ba51048),"53eac9767556f4f15ba5102f","丁字裤"
ObjectID(53eacc7c7556f4f05ba5103a),"53eac9767556f4f15ba51030","太阳镜"
ObjectID(53eacc7c7556f4f05ba5103b),"53eac9767556f4f15ba51030","光学镜架/镜片"
ObjectID(53eacc7c7556f4f05ba5103c),"53eac9767556f4f15ba51030","装饰眼镜"
ObjectID(53eacc7c7556f4f05ba5103d),"53eac9767556f4f15ba51030","防辐射眼镜"
ObjectID(53eacc7c7556f4f05ba5103e),"53eac9767556f4f15ba51030","老花镜"
ObjectID(53eacc7c7556f4f05ba5103f),"53eac9767556f4f15ba51030","游泳镜"
ObjectID(53eacc7c7556f4f05ba51040),"53eac9767556f4f15ba51030","女士丝巾/围巾/披肩"
ObjectID(53eacc7c7556f4f05ba51041),"53eac9767556f4f15ba51030","男士丝巾/围巾"
ObjectID(53eacc7c7556f4f05ba51042),"53eac9767556f4f15ba51030","女士腰带"
ObjectID(53eacc7c7556f4f05ba51043),"53eac9767556f4f15ba51030","男士腰带"
ObjectID(53eacc7c7556f4f05ba51044),"53eac9767556f4f15ba51030","遮阳帽"
ObjectID(53eacc7c7556f4f05ba51045),"53eac9767556f4f15ba51030","棒球帽"
ObjectID(53eacc7c7556f4f05ba51046),"53eac9767556f4f15ba51030","防晒手套"
ObjectID(53eacc7c7556f4f05ba51047),"53eac9767556f4f15ba51030","袖扣"
ObjectID(53eacc7c7556f4f05ba51048),"53eac9767556f4f15ba51030","领带/领结/领带夹"
ObjectID(53eacc7c7556f4f05ba51049),"53eac9767556f4f15ba51030","遮阳伞/雨伞"
ObjectID(53eacc8e7556f4f35ba51037),"53eac9767556f4f15ba51031","时尚饰品"
ObjectID(53eacc8e7556f4f35ba51038),"53eac9767556f4f15ba51031","钻石翡翠"
ObjectID(53eacc8e7556f4f35ba51039),"53eac9767556f4f15ba51031","玉石"
ObjectID(53eacc8e7556f4f35ba5103a),"53eac9767556f4f15ba51031","纯金"
ObjectID(53eacc8e7556f4f35ba5103b),"53eac9767556f4f15ba51031","K金饰品"
ObjectID(53eacc8e7556f4f35ba5103c),"53eac9767556f4f15ba51031","金银投资"
ObjectID(53eacc8f7556f4f35ba5103d),"53eac9767556f4f15ba51031","银饰"
ObjectID(53eacc8f7556f4f35ba5103e),"53eac9767556f4f15ba51031","水晶"
ObjectID(53eacc8f7556f4f35ba5103f),"53eac9767556f4f15ba51031","玛瑙"
ObjectID(53eacc8f7556f4f35ba51040),"53eac9767556f4f15ba51031","彩宝"
ObjectID(53eacc8f7556f4f35ba51041),"53eac9767556f4f15ba51031","铂金"
ObjectID(53eacc8f7556f4f35ba51042),"53eac9767556f4f15ba51031","天然木饰"
ObjectID(53eacc8f7556f4f35ba51043),"53eac9767556f4f15ba51031","珍珠"
ObjectID(53eaccce7556f4ea5ba51034),"53eac9ad7556f4ec5ba51034","单鞋"
ObjectID(53eaccce7556f4ea5ba51035),"53eac9ad7556f4ec5ba51034","坡跟鞋"
ObjectID(53eaccce7556f4ea5ba51036),"53eac9ad7556f4ec5ba51034","高跟鞋"
ObjectID(53eaccce7556f4ea5ba51037),"53eac9ad7556f4ec5ba51034","凉鞋"
ObjectID(53eaccce7556f4ea5ba51038),"53eac9ad7556f4ec5ba51034","松糕鞋"
ObjectID(53eaccce7556f4ea5ba51039),"53eac9ad7556f4ec5ba51034","鱼嘴鞋"
ObjectID(53eaccce7556f4ea5ba5103b),"53eac9ad7556f4ec5ba51034","帆布鞋"
ObjectID(53eaccce7556f4ea5ba5103c),"53eac9ad7556f4ec5ba51034","拖鞋/人字拖"
ObjectID(53eaccce7556f4ea5ba5103d),"53eac9ad7556f4ec5ba51034","妈妈鞋"
ObjectID(53eaccce7556f4ea5ba5103e),"53eac9ad7556f4ec5ba51034","雨鞋/雨靴"
ObjectID(53eaccce7556f4ea5ba5103f),"53eac9ad7556f4ec5ba51034","内增高"
ObjectID(53eaccce7556f4ea5ba51040),"53eac9ad7556f4ec5ba51034","布鞋/绣花鞋"
ObjectID(53eaccce7556f4ea5ba51041),"53eac9ad7556f4ec5ba51034","女靴"
ObjectID(53eaccce7556f4ea5ba51043),"53eac9ad7556f4ec5ba51034","踝靴"
ObjectID(53eaccce7556f4ea5ba51044),"53eac9ad7556f4ec5ba51034","马丁靴"
ObjectID(53eaccce7556f4ea5ba51045),"53eac9ad7556f4ec5ba51034","鞋配件"
ObjectID(53eacce07556f4ee5ba5103b),"53eac9ad7556f4ec5ba51035","商务休闲鞋"
ObjectID(53eacce07556f4ee5ba5103c),"53eac9ad7556f4ec5ba51035","正装鞋"
ObjectID(53eacce07556f4ee5ba5103d),"53eac9ad7556f4ec5ba51035","帆布鞋"
ObjectID(53eacce07556f4ee5ba5103e),"53eac9ad7556f4ec5ba51035","增高鞋"
ObjectID(53eacce07556f4ee5ba5103f),"53eac9ad7556f4ec5ba51035","凉鞋/沙滩鞋"
ObjectID(53eacce07556f4ee5ba51040),"53eac9ad7556f4ec5ba51035","拖鞋/人字拖"
ObjectID(53eacce07556f4ee5ba51042),"53eac9ad7556f4ec5ba51035","男靴"
ObjectID(53eacce07556f4ee5ba51043),"53eac9ad7556f4ec5ba51035","传统布鞋"
ObjectID(53eacce07556f4ee5ba51044),"53eac9ad7556f4ec5ba51035","功能鞋"
ObjectID(53eacce07556f4ee5ba51045),"53eac9ad7556f4ec5ba51035","鞋配件"
ObjectID(53eacce07556f4ee5ba51046),"53eac9ad7556f4ec5ba51035","定制鞋"
ObjectID(53eaccf17556f4f25ba5103b),"53eac9ad7556f4ec5ba51036","单肩包"
ObjectID(53eaccf17556f4f25ba5103c),"53eac9ad7556f4ec5ba51036","手提包"
ObjectID(53eaccf17556f4f25ba5103d),"53eac9ad7556f4ec5ba51036","斜挎包"
ObjectID(53eaccf17556f4f25ba5103e),"53eac9ad7556f4ec5ba51036","双肩包"
ObjectID(53eaccf17556f4f25ba5103f),"53eac9ad7556f4ec5ba51036","钱包"
ObjectID(53eaccf17556f4f25ba51040),"53eac9ad7556f4ec5ba51036","手拿包/晚宴包"
ObjectID(53eaccf17556f4f25ba51041),"53eac9ad7556f4ec5ba51036","卡包/零钱包"
ObjectID(53eaccf17556f4f25ba51042),"53eac9ad7556f4ec5ba51036","钥匙包"
ObjectID(53eacd007556f4ef5ba51034),"53eac9ad7556f4ec5ba51037","商务公文包"
ObjectID(53eacd007556f4ef5ba51035),"53eac9ad7556f4ec5ba51037","单肩/斜挎包"
ObjectID(53eacd007556f4ef5ba51036),"53eac9ad7556f4ec5ba51037","男士手包"
ObjectID(53eacd007556f4ef5ba51037),"53eac9ad7556f4ec5ba51037","双肩包"
ObjectID(53eacd007556f4ef5ba51038),"53eac9ad7556f4ec5ba51037","钱包/卡包"
ObjectID(53eacd007556f4ef5ba51039),"53eac9ad7556f4ec5ba51037","钥匙包"
ObjectID(53eacd0f7556f4e95ba51040),"53eac9ad7556f4ec5ba51038","拉杆箱/拉杆包"
ObjectID(53eacd0f7556f4e95ba51041),"53eac9ad7556f4ec5ba51038","旅行包"
ObjectID(53eacd0f7556f4e95ba51042),"53eac9ad7556f4ec5ba51038","电脑包"
ObjectID(53eacd0f7556f4e95ba51043),"53eac9ad7556f4ec5ba51038","休闲运动包"
ObjectID(53eacd0f7556f4e95ba51044),"53eac9ad7556f4ec5ba51038","相机包"
ObjectID(53eacd0f7556f4e95ba51045),"53eac9ad7556f4ec5ba51038","腰包/胸包登山包"
ObjectID(53eacd0f7556f4e95ba51046),"53eac9ad7556f4ec5ba51038","旅行配件"
ObjectID(53eacd0f7556f4e95ba51047),"53eac9ad7556f4ec5ba51038","书包"
ObjectID(53eacd0f7556f4e95ba51048),"53eac9ad7556f4ec5ba51038","妈咪包"
ObjectID(53eacd1e7556f4ed5ba51042),"53eac9ad7556f4ec5ba51039","男表"
ObjectID(53eacd1e7556f4ed5ba51043),"53eac9ad7556f4ec5ba51039","女表"
ObjectID(53eacd1e7556f4ed5ba51044),"53eac9ad7556f4ec5ba51039","儿童表"
ObjectID(53eacd1e7556f4ed5ba51045),"53eac9ad7556f4ec5ba51039","座钟"
ObjectID(53eacd1e7556f4ed5ba51046),"53eac9ad7556f4ec5ba51039","挂钟"
ObjectID(53eacd2c7556f4eb5ba5105d),"53eac9ad7556f4ec5ba5103a","火机"
ObjectID(53eacd2c7556f4eb5ba5105e),"53eac9ad7556f4ec5ba5103a","烟具"
ObjectID(53eacd2c7556f4eb5ba5105f),"53eac9ad7556f4ec5ba5103a","军刀"
ObjectID(53eacd2c7556f4eb5ba51060),"53eac9ad7556f4ec5ba5103a","军具"
ObjectID(53eacd2c7556f4eb5ba51061),"53eac9ad7556f4ec5ba5103a","美妆礼品"
ObjectID(53eacd2c7556f4eb5ba51062),"53eac9ad7556f4ec5ba5103a","工艺礼品"
ObjectID(53eacd2c7556f4eb5ba51063),"53eac9ad7556f4ec5ba5103a","礼盒"
ObjectID(53eacd2c7556f4eb5ba51064),"53eac9ad7556f4ec5ba5103a","礼券"
ObjectID(53eacd2c7556f4eb5ba51065),"53eac9ad7556f4ec5ba5103a","礼品"
ObjectID(53eacd2c7556f4eb5ba51066),"53eac9ad7556f4ec5ba5103a","文具"
ObjectID(53eacd2c7556f4eb5ba51067),"53eac9ad7556f4ec5ba5103a","收藏品"
ObjectID(53eacd2c7556f4eb5ba51068),"53eac9ad7556f4ec5ba5103a","古董把玩"
ObjectID(53eacd2c7556f4eb5ba51069),"53eac9ad7556f4ec5ba5103a","地方礼品"
ObjectID(53eacd2c7556f4eb5ba5106a),"53eac9ad7556f4ec5ba5103a","创意礼品"
ObjectID(53eacd2c7556f4eb5ba5106b),"53eac9ad7556f4ec5ba5103a","婚庆用品"
ObjectID(53eacd2c7556f4eb5ba5106c),"53eac9ad7556f4ec5ba5103a","鲜花绿植"
ObjectID(53eacd467556f4f15ba5104e),"53eac9e37556f4f05ba51035","平板电视"
ObjectID(53eacd467556f4f15ba5104f),"53eac9e37556f4f05ba51035","空调"
ObjectID(53eacd467556f4f15ba51050),"53eac9e37556f4f05ba51035","冰箱"
ObjectID(53eacd467556f4f15ba51051),"53eac9e37556f4f05ba51035","洗衣机"
ObjectID(53eacd467556f4f15ba51052),"53eac9e37556f4f05ba51035","家庭影院"
ObjectID(53eacd467556f4f15ba51053),"53eac9e37556f4f05ba51035","DVD"
ObjectID(53eacd467556f4f15ba51054),"53eac9e37556f4f05ba51035","迷你音响"
ObjectID(53eacd467556f4f15ba51055),"53eac9e37556f4f05ba51035","烟机/灶具"
ObjectID(53eacd467556f4f15ba51056),"53eac9e37556f4f05ba51035","热水器"
ObjectID(53eacd467556f4f15ba51057),"53eac9e37556f4f05ba51035","消毒柜/洗碗机"
ObjectID(53eacd467556f4f15ba51058),"53eac9e37556f4f05ba51035","酒柜/冷柜"
ObjectID(53eacd467556f4f15ba51059),"53eac9e37556f4f05ba51035","家电配件"
ObjectID(53eacd587556f4ec5ba51049),"53eac9e37556f4f05ba51036","取暖电器"
ObjectID(53eacd587556f4ec5ba5104a),"53eac9e37556f4f05ba51036","加湿器"
ObjectID(53eacd587556f4ec5ba5104b),"53eac9e37556f4f05ba51036","净化器"
ObjectID(53eacd587556f4ec5ba5104c),"53eac9e37556f4f05ba51036","除湿/干衣机"
ObjectID(53eacd587556f4ec5ba5104d),"53eac9e37556f4f05ba51036","饮水机"
ObjectID(53eacd587556f4ec5ba5104e),"53eac9e37556f4f05ba51036","净水设备"
ObjectID(53eacd587556f4ec5ba5104f),"53eac9e37556f4f05ba51036","挂烫机/熨斗吸尘器"
ObjectID(53eacd587556f4ec5ba51050),"53eac9e37556f4f05ba51036","电话机"
ObjectID(53eacd587556f4ec5ba51051),"53eac9e37556f4f05ba51036","插座"
ObjectID(53eacd587556f4ec5ba51052),"53eac9e37556f4f05ba51036","收录/音机"
ObjectID(53eacd587556f4ec5ba51053),"53eac9e37556f4f05ba51036","电风扇"
ObjectID(53eacd587556f4ec5ba51054),"53eac9e37556f4f05ba51036","冷风扇"
ObjectID(53eacd587556f4ec5ba51055),"53eac9e37556f4f05ba51036","其它生活电器"
ObjectID(53eacd6a7556f4f05ba5104a),"53eac9e37556f4f05ba51037","电压力锅"
ObjectID(53eacd6a7556f4f05ba5104b),"53eac9e37556f4f05ba51037","电饭煲"
ObjectID(53eacd6a7556f4f05ba5104c),"53eac9e37556f4f05ba51037","豆浆机"
ObjectID(53eacd6a7556f4f05ba5104d),"53eac9e37556f4f05ba51037","面包机"
ObjectID(53eacd6a7556f4f05ba5104e),"53eac9e37556f4f05ba51037","咖啡机"
ObjectID(53eacd6a7556f4f05ba5104f),"53eac9e37556f4f05ba51037","微波炉"
ObjectID(53eacd6a7556f4f05ba51050),"53eac9e37556f4f05ba51037","料理/榨汁机"
ObjectID(53eacd6a7556f4f05ba51051),"53eac9e37556f4f05ba51037","电烤箱"
ObjectID(53eacd6a7556f4f05ba51052),"53eac9e37556f4f05ba51037","电磁炉"
ObjectID(53eacd6a7556f4f05ba51053),"53eac9e37556f4f05ba51037","电饼铛/烧烤盘"
ObjectID(53eacd6a7556f4f05ba51054),"53eac9e37556f4f05ba51037","煮蛋器"
ObjectID(53eacd6a7556f4f05ba51055),"53eac9e37556f4f05ba51037","酸奶机"
ObjectID(53eacd6a7556f4f05ba51056),"53eac9e37556f4f05ba51037","电水壶/热水瓶"
ObjectID(53eacd6a7556f4f05ba51057),"53eac9e37556f4f05ba51037","电炖锅"
ObjectID(53eacd6a7556f4f05ba51058),"53eac9e37556f4f05ba51037","多用途锅"
ObjectID(53eacd6a7556f4f05ba51059),"53eac9e37556f4f05ba51037","果蔬解毒机"
ObjectID(53eacd6a7556f4f05ba5105a),"53eac9e37556f4f05ba51037","其它厨房电器"
ObjectID(53eacd7d7556f4f35ba51044),"53eac9e37556f4f05ba51038","剃须刀"
ObjectID(53eacd7d7556f4f35ba51045),"53eac9e37556f4f05ba51038","口腔护理"
ObjectID(53eacd7d7556f4f35ba51046),"53eac9e37556f4f05ba51038","电吹风"
ObjectID(53eacd7d7556f4f35ba51047),"53eac9e37556f4f05ba51038","美容美发"
ObjectID(53eacd7d7556f4f35ba51048),"53eac9e37556f4f05ba51038","按摩器"
ObjectID(53eacd7d7556f4f35ba51049),"53eac9e37556f4f05ba51038","按摩椅"
ObjectID(53eacd7d7556f4f35ba5104a),"53eac9e37556f4f05ba51038","足浴盆"
ObjectID(53eacd7d7556f4f35ba5104b),"53eac9e37556f4f05ba51038","血压计"
ObjectID(53eacd7d7556f4f35ba5104c),"53eac9e37556f4f05ba51038","健康秤/厨房秤"
ObjectID(53eacd7d7556f4f35ba5104d),"53eac9e37556f4f05ba51038","血糖仪"
ObjectID(53eacd7d7556f4f35ba5104e),"53eac9e37556f4f05ba51038","体温计"
ObjectID(53eacd7d7556f4f35ba5104f),"53eac9e37556f4f05ba51038","计步器/脂肪检测仪"
ObjectID(53eacd7d7556f4f35ba51050),"53eac9e37556f4f05ba51038","其它健康电器"
ObjectID(53eacd8f7556f4ea5ba51046),"53eac9e37556f4f05ba51039","电动工具"
ObjectID(53eacd8f7556f4ea5ba51047),"53eac9e37556f4f05ba51039","手动工具"
ObjectID(53eacd8f7556f4ea5ba51048),"53eac9e37556f4f05ba51039","仪器仪表"
ObjectID(53eacd8f7556f4ea5ba51049),"53eac9e37556f4f05ba51039","浴霸/排气扇"
ObjectID(53eacd8f7556f4ea5ba5104a),"53eac9e37556f4f05ba51039","灯具"
ObjectID(53eacd8f7556f4ea5ba5104b),"53eac9e37556f4f05ba51039","LED灯"
ObjectID(53eacd8f7556f4ea5ba5104c),"53eac9e37556f4f05ba51039","洁身器"
ObjectID(53eacd8f7556f4ea5ba5104d),"53eac9e37556f4f05ba51039","水槽龙头"
ObjectID(53eacd8f7556f4ea5ba5104e),"53eac9e37556f4f05ba51039","淋浴花洒"
ObjectID(53eacd8f7556f4ea5ba5104f),"53eac9e37556f4f05ba51039","厨卫五金"
ObjectID(53eacd8f7556f4ea5ba51050),"53eac9e37556f4f05ba51039","家具五金"
ObjectID(53eacd8f7556f4ea5ba51052),"53eac9e37556f4f05ba51039","门铃"
ObjectID(53eacd8f7556f4ea5ba51053),"53eac9e37556f4f05ba51039","电气开关"
ObjectID(53eacd8f7556f4ea5ba51054),"53eac9e37556f4f05ba51039","插座"
ObjectID(53eacd8f7556f4ea5ba51055),"53eac9e37556f4f05ba51039","电工电料"
ObjectID(53eacd8f7556f4ea5ba51056),"53eac9e37556f4f05ba51039","监控安防"
ObjectID(53eacd8f7556f4ea5ba51057),"53eac9e37556f4f05ba51039","电线/线缆"
ObjectID(53eacda57556f4ee5ba51048),"53eaca447556f4f35ba5102e","跑步鞋"
ObjectID(53eacda57556f4ee5ba51049),"53eaca447556f4f35ba5102e","板鞋"
ObjectID(53eacda57556f4ee5ba5104a),"53eaca447556f4f35ba5102e","帆布鞋"
ObjectID(53eacda57556f4ee5ba5104b),"53eaca447556f4f35ba5102e","篮球鞋"
ObjectID(53eacda57556f4ee5ba5104c),"53eaca447556f4f35ba5102e","足球鞋"
ObjectID(53eacda57556f4ee5ba5104d),"53eaca447556f4f35ba5102e","乒羽网鞋"
ObjectID(53eacda57556f4ee5ba5104e),"53eaca447556f4f35ba5102e","专项运动鞋"
ObjectID(53eacda57556f4ee5ba5104f),"53eaca447556f4f35ba5102e","训练鞋"
ObjectID(53eacda57556f4ee5ba51050),"53eaca447556f4f35ba5102e","拖鞋"
ObjectID(53eacda57556f4ee5ba51051),"53eaca447556f4f35ba5102e","运动包"
ObjectID(53eacdbf7556f4f25ba51043),"53eaca447556f4f35ba5102f","卫衣/套头衫"
ObjectID(53eacdbf7556f4f25ba51044),"53eaca447556f4f35ba5102f","毛衫/线衫"
ObjectID(53eacdbf7556f4f25ba51045),"53eaca447556f4f35ba5102f","夹克/风衣"
ObjectID(53eacdbf7556f4f25ba51046),"53eaca447556f4f35ba5102f","棉服"
ObjectID(53eacdbf7556f4f25ba51047),"53eaca447556f4f35ba5102f","羽绒服"
ObjectID(53eacdbf7556f4f25ba51049),"53eaca447556f4f35ba5102f","乒羽网服"
ObjectID(53eacdbf7556f4f25ba5104a),"53eaca447556f4f35ba5102f","训练服"
ObjectID(53eacdbf7556f4f25ba5104b),"53eaca447556f4f35ba5102f","运动背心"
ObjectID(53eacdbf7556f4f25ba5104c),"53eaca447556f4f35ba5102f","运动裤"
ObjectID(53eacdbf7556f4f25ba5104d),"53eaca447556f4f35ba5102f","运动套装"
ObjectID(53eacdbf7556f4f25ba5104e),"53eaca447556f4f35ba5102f","运动配饰"
ObjectID(53eacdd17556f4ef5ba5103a),"53eaca447556f4f35ba51030","跑步机"
ObjectID(53eacdd17556f4ef5ba5103b),"53eaca447556f4f35ba51030","健身车/动感单车"
ObjectID(53eacdd17556f4ef5ba5103c),"53eaca447556f4f35ba51030","综合训练器"
ObjectID(53eacdd17556f4ef5ba5103d),"53eaca447556f4f35ba51030","其他大型器械"
ObjectID(53eacdd17556f4ef5ba5103e),"53eaca447556f4f35ba51030","哑铃"
ObjectID(53eacdd17556f4ef5ba5103f),"53eaca447556f4f35ba51030","仰卧板/收腹机"
ObjectID(53eacdd17556f4ef5ba51040),"53eaca447556f4f35ba51030","其他中小型器材"
ObjectID(53eacdd17556f4ef5ba51041),"53eaca447556f4f35ba51030","武术搏击"
ObjectID(53eacdd17556f4ef5ba51042),"53eaca447556f4f35ba51030","运动护具"
ObjectID(53eacdd17556f4ef5ba51043),"53eaca447556f4f35ba51030","瑜伽舞蹈"
ObjectID(53eacde37556f4e95ba51049),"53eaca447556f4f35ba51031","山地车/公路车"
ObjectID(53eacde37556f4e95ba5104a),"53eaca447556f4f35ba51031","折叠车"
ObjectID(53eacde37556f4e95ba5104b),"53eaca447556f4f35ba51031","电动车"
ObjectID(53eacde37556f4e95ba5104c),"53eaca447556f4f35ba51031","其他整车"
ObjectID(53eacde37556f4e95ba5104d),"53eaca447556f4f35ba51031","骑行装备"
ObjectID(53eacde37556f4e95ba5104e),"53eaca447556f4f35ba51031","骑行服"
ObjectID(53eacdf37556f4ed5ba51047),"53eaca447556f4f35ba51032","乒乓球"
ObjectID(53eacdf37556f4ed5ba51048),"53eaca447556f4f35ba51032","羽毛球"
ObjectID(53eacdf37556f4ed5ba51049),"53eaca447556f4f35ba51032","网球"
ObjectID(53eacdf37556f4ed5ba5104a),"53eaca447556f4f35ba51032","篮球"
ObjectID(53eacdf37556f4ed5ba5104b),"53eaca447556f4f35ba51032","足球"
ObjectID(53eacdf37556f4ed5ba5104c),"53eaca447556f4f35ba51032","高尔夫"
ObjectID(53eacdf37556f4ed5ba5104d),"53eaca447556f4f35ba51032","台球"
ObjectID(53eacdf37556f4ed5ba5104e),"53eaca447556f4f35ba51032","轮滑"
ObjectID(53eacdf37556f4ed5ba5104f),"53eaca447556f4f35ba51032","滑板"
ObjectID(53eacdf37556f4ed5ba51050),"53eaca447556f4f35ba51032","排球"
ObjectID(53eacdf37556f4ed5ba51051),"53eaca447556f4f35ba51032","棋牌麻将"
ObjectID(53eacdf37556f4ed5ba51052),"53eaca447556f4f35ba51032","其它"
ObjectID(53eace237556f4f15ba5105a),"53eaca447556f4f35ba51033","冲锋衣裤"
ObjectID(53eace237556f4f15ba5105b),"53eaca447556f4f35ba51033","速干衣裤"
ObjectID(53eace237556f4f15ba5105c),"53eaca447556f4f35ba51033","滑雪服"
ObjectID(53eace237556f4f15ba5105d),"53eaca447556f4f35ba51033","羽绒服/棉服"
ObjectID(53eace237556f4f15ba5105e),"53eaca447556f4f35ba51033","休闲衣裤"
ObjectID(53eace237556f4f15ba5105f),"53eaca447556f4f35ba51033","抓绒衣裤"
ObjectID(53eace237556f4f15ba51060),"53eaca447556f4f35ba51033","软壳衣裤"
ObjectID(53eace237556f4f15ba51061),"53eaca447556f4f35ba51033","T恤"
ObjectID(53eace237556f4f15ba51062),"53eaca447556f4f35ba51033","户外风衣"
ObjectID(53eace237556f4f15ba51063),"53eaca447556f4f35ba51033","功能内衣"
ObjectID(53eace237556f4f15ba51064),"53eaca447556f4f35ba51033","军迷服饰"
ObjectID(53eace237556f4f15ba51065),"53eaca447556f4f35ba51033","登山鞋"
ObjectID(53eace237556f4f15ba51066),"53eaca447556f4f35ba51033","徒步鞋"
ObjectID(53eace237556f4f15ba51067),"53eaca447556f4f35ba51033","越野跑鞋"
ObjectID(53eace237556f4f15ba51068),"53eaca447556f4f35ba51033","休闲鞋"
ObjectID(53eace237556f4f15ba51069),"53eaca447556f4f35ba51033","雪地靴"
ObjectID(53eace237556f4f15ba5106a),"53eaca447556f4f35ba51033","工装鞋"
ObjectID(53eace237556f4f15ba5106b),"53eaca447556f4f35ba51033","溯溪鞋"
ObjectID(53eace237556f4f15ba5106c),"53eaca447556f4f35ba51033","沙滩/凉拖"
ObjectID(53eace917556f4ed5ba51053),"53eaca447556f4f35ba51034","背包"
ObjectID(53eace917556f4ed5ba51054),"53eaca447556f4f35ba51034","登山攀岩"
ObjectID(53eace917556f4ed5ba51055),"53eaca447556f4f35ba51034","户外照明"
ObjectID(53eace917556f4ed5ba51056),"53eaca447556f4f35ba51034","野餐烧烤"
ObjectID(53eace917556f4ed5ba51057),"53eaca447556f4f35ba51034","便携桌椅床"
ObjectID(53eace917556f4ed5ba51058),"53eaca447556f4f35ba51034","户外工具"
ObjectID(53eace917556f4ed5ba51059),"53eaca447556f4f35ba51034","望远镜"
ObjectID(53eace917556f4ed5ba5105a),"53eaca447556f4f35ba51034","户外仪表"
ObjectID(53eace917556f4ed5ba5105b),"53eaca447556f4f35ba51034","旅游用品"
ObjectID(53eace917556f4ed5ba5105c),"53eaca447556f4f35ba51034","军迷用品"
ObjectID(53eace917556f4ed5ba5105d),"53eaca447556f4f35ba51034","救援装备"
ObjectID(53eace917556f4ed5ba5105e),"53eaca447556f4f35ba51034","滑雪装备"
ObjectID(53eace917556f4ed5ba5105f),"53eaca447556f4f35ba51034","极限户外"
ObjectID(53eace917556f4ed5ba51060),"53eaca447556f4f35ba51034","冲浪潜水"
ObjectID(53eace917556f4ed5ba51061),"53eaca447556f4f35ba51034","户外配饰"
ObjectID(53eacea47556f4eb5ba5106d),"53eaca447556f4f35ba51035","鱼竿"
ObjectID(53eacea47556f4eb5ba5106e),"53eaca447556f4f35ba51035","鱼线"
ObjectID(53eacea47556f4eb5ba5106f),"53eaca447556f4f35ba51035","浮漂"
ObjectID(53eacea47556f4eb5ba51070),"53eaca447556f4f35ba51035","鱼饵"
ObjectID(53eacea47556f4eb5ba51071),"53eaca447556f4f35ba51035","钓鱼桌椅"
ObjectID(53eacea47556f4eb5ba51072),"53eaca447556f4f35ba51035","钓鱼配件"
ObjectID(53eacea47556f4eb5ba51073),"53eaca447556f4f35ba51035","钓箱鱼包"
ObjectID(53eacea47556f4eb5ba51074),"53eaca447556f4f35ba51035","其它"
ObjectID(53eaceb57556f4f15ba5106d),"53eaca447556f4f35ba51036","泳镜泳帽"
ObjectID(53eaceb57556f4f15ba5106e),"53eaca447556f4f35ba51036","游泳包"
ObjectID(53eaceb57556f4f15ba5106f),"53eaca447556f4f35ba51036","防水包"
ObjectID(53eaceb57556f4f15ba51070),"53eaca447556f4f35ba51036","男士泳衣"
ObjectID(53eaceb57556f4f15ba51071),"53eaca447556f4f35ba51036","女士泳衣"
ObjectID(53eaceb57556f4f15ba51072),"53eaca447556f4f35ba51036","比基尼"
ObjectID(53eaceb57556f4f15ba51073),"53eaca447556f4f35ba51036","其它"
ObjectID(53eacf0c7556f4ec5ba51056),"53eaca797556f4ea5ba5102f","润滑油"
ObjectID(53eacf0c7556f4ec5ba51057),"53eaca797556f4ea5ba5102f","添加剂"
ObjectID(53eacf0c7556f4ec5ba51058),"53eaca797556f4ea5ba5102f","防冻液"
ObjectID(53eacf0c7556f4ec5ba51059),"53eaca797556f4ea5ba5102f","滤清器"
ObjectID(53eacf0c7556f4ec5ba5105a),"53eaca797556f4ea5ba5102f","火花塞"
ObjectID(53eacf0c7556f4ec5ba5105b),"53eaca797556f4ea5ba5102f","雨刷"
ObjectID(53eacf0c7556f4ec5ba5105c),"53eaca797556f4ea5ba5102f","车灯"
ObjectID(53eacf0c7556f4ec5ba5105d),"53eaca797556f4ea5ba5102f","后视镜"
ObjectID(53eacf0c7556f4ec5ba5105e),"53eaca797556f4ea5ba5102f","轮胎"
ObjectID(53eacf0c7556f4ec5ba5105f),"53eaca797556f4ea5ba5102f","轮毂"
ObjectID(53eacf0c7556f4ec5ba51060),"53eaca797556f4ea5ba5102f","刹车片/盘喇叭/皮带"
ObjectID(53eacf0c7556f4ec5ba51061),"53eaca797556f4ea5ba5102f","蓄电池"
ObjectID(53eacf0c7556f4ec5ba51062),"53eaca797556f4ea5ba5102f","底盘装甲/护板"
ObjectID(53eacf0c7556f4ec5ba51064),"53eaca797556f4ea5ba5102f","贴膜"
ObjectID(53eacf0c7556f4ec5ba51065),"53eaca797556f4ea5ba5102f","汽修工具"
ObjectID(53eacf1d7556f4f05ba5105b),"53eaca797556f4ea5ba51030","导航仪"
ObjectID(53eacf1d7556f4f05ba5105c),"53eaca797556f4ea5ba51030","安全预警仪"
ObjectID(53eacf1d7556f4f05ba5105d),"53eaca797556f4ea5ba51030","行车记录仪"
ObjectID(53eacf1d7556f4f05ba5105e),"53eaca797556f4ea5ba51030","倒车雷达"
ObjectID(53eacf1d7556f4f05ba5105f),"53eaca797556f4ea5ba51030","蓝牙设备"
ObjectID(53eacf1d7556f4f05ba51060),"53eaca797556f4ea5ba51030","时尚影音"
ObjectID(53eacf1d7556f4f05ba51061),"53eaca797556f4ea5ba51030","净化器"
ObjectID(53eacf1d7556f4f05ba51062),"53eaca797556f4ea5ba51030","电源"
ObjectID(53eacf1d7556f4f05ba51063),"53eaca797556f4ea5ba51030","冰箱"
ObjectID(53eacf1d7556f4f05ba51064),"53eaca797556f4ea5ba51030","吸尘器"
ObjectID(53eacf2f7556f4f35ba51051),"53eaca797556f4ea5ba51031","车蜡"
ObjectID(53eacf2f7556f4f35ba51052),"53eaca797556f4ea5ba51031","补漆笔"
ObjectID(53eacf2f7556f4f35ba51053),"53eaca797556f4ea5ba51031","玻璃水"
ObjectID(53eacf2f7556f4f35ba51054),"53eaca797556f4ea5ba51031","清洁剂"
ObjectID(53eacf2f7556f4f35ba51055),"53eaca797556f4ea5ba51031","洗车工具"
ObjectID(53eacf2f7556f4f35ba51056),"53eaca797556f4ea5ba51031","洗车配件"
ObjectID(53eacf3f7556f4ea5ba51058),"53eaca797556f4ea5ba51032","脚垫"
ObjectID(53eacf3f7556f4ea5ba51059),"53eaca797556f4ea5ba51032","座垫"
ObjectID(53eacf3f7556f4ea5ba5105a),"53eaca797556f4ea5ba51032","座套"
ObjectID(53eacf3f7556f4ea5ba5105b),"53eaca797556f4ea5ba51032","后备箱垫"
ObjectID(53eacf3f7556f4ea5ba5105c),"53eaca797556f4ea5ba51032","头枕"
ObjectID(53eacf3f7556f4ea5ba5105d),"53eaca797556f4ea5ba51032","腰靠"
ObjectID(53eacf3f7556f4ea5ba5105e),"53eaca797556f4ea5ba51032","香水"
ObjectID(53eacf3f7556f4ea5ba5105f),"53eaca797556f4ea5ba51032","空气净化"
ObjectID(53eacf3f7556f4ea5ba51060),"53eaca797556f4ea5ba51032","车内饰品"
ObjectID(53eacf3f7556f4ea5ba51061),"53eaca797556f4ea5ba51032","功能小件"
ObjectID(53eacf3f7556f4ea5ba51062),"53eaca797556f4ea5ba51032","车身装饰件"
ObjectID(53eacf3f7556f4ea5ba51063),"53eaca797556f4ea5ba51032","车衣"
ObjectID(53eacf557556f4ee5ba51052),"53eaca797556f4ea5ba51033","安全座椅"
ObjectID(53eacf557556f4ee5ba51053),"53eaca797556f4ea5ba51033","胎压充气"
ObjectID(53eacf557556f4ee5ba51054),"53eaca797556f4ea5ba51033","防盗设备"
ObjectID(53eacf557556f4ee5ba51055),"53eaca797556f4ea5ba51033","应急救援"
ObjectID(53eacf557556f4ee5ba51056),"53eaca797556f4ea5ba51033","保温箱"
ObjectID(53eacf557556f4ee5ba51057),"53eaca797556f4ea5ba51033","储物箱"
ObjectID(53eacf557556f4ee5ba51058),"53eaca797556f4ea5ba51033","自驾野营"
ObjectID(53eacf557556f4ee5ba51059),"53eaca797556f4ea5ba51033","摩托车装备"
ObjectID(53eacf657556f4f25ba5104f),"53eacad37556f4ee5ba51033","白酒"
ObjectID(53eacf657556f4f25ba51050),"53eacad37556f4ee5ba51033","葡萄酒"
ObjectID(53eacf657556f4f25ba51051),"53eacad37556f4ee5ba51033","洋酒"
ObjectID(53eacf657556f4f25ba51052),"53eacad37556f4ee5ba51033","啤酒"
ObjectID(53eacf757556f4ef5ba51044),"53eacad37556f4ee5ba51034","饼干蛋糕"
ObjectID(53eacf757556f4ef5ba51045),"53eacad37556f4ee5ba51034","糖果/巧克力"
ObjectID(53eacf757556f4ef5ba51046),"53eacad37556f4ee5ba51034","休闲零食"
ObjectID(53eacf757556f4ef5ba51047),"53eacad37556f4ee5ba51034","冲调饮品"
ObjectID(53eacf757556f4ef5ba51048),"53eacad37556f4ee5ba51034","粮油调味"
ObjectID(53eacf757556f4ef5ba51049),"53eacad37556f4ee5ba51034","牛奶"
ObjectID(53eacf8b7556f4e95ba5104f),"53eacad37556f4ee5ba51035","休闲零食"
ObjectID(53eacf8b7556f4e95ba51050),"53eacad37556f4ee5ba51035","坚果炒货"
ObjectID(53eacf8b7556f4e95ba51051),"53eacad37556f4ee5ba51035","肉干肉脯"
ObjectID(53eacf8b7556f4e95ba51052),"53eacad37556f4ee5ba51035","蜜饯果干"
ObjectID(53eacf8b7556f4e95ba51053),"53eacad37556f4ee5ba51035","糖果/巧克力"
ObjectID(53eacf8b7556f4e95ba51054),"53eacad37556f4ee5ba51035","饼干蛋糕"
ObjectID(53eacf8b7556f4e95ba51055),"53eacad37556f4ee5ba51035","无糖食品"
ObjectID(53eacf9c7556f4ed5ba51062),"53eacad37556f4ee5ba51036","其他特产"
ObjectID(53eacf9c7556f4ed5ba51063),"53eacad37556f4ee5ba51036","新疆"
ObjectID(53eacf9c7556f4ed5ba51064),"53eacad37556f4ee5ba51036","北京"
ObjectID(53eacf9c7556f4ed5ba51065),"53eacad37556f4ee5ba51036","山西"
ObjectID(53eacf9c7556f4ed5ba51066),"53eacad37556f4ee5ba51036","内蒙古"
ObjectID(53eacf9c7556f4ed5ba51067),"53eacad37556f4ee5ba51036","福建"
ObjectID(53eacf9c7556f4ed5ba51068),"53eacad37556f4ee5ba51036","湖南"
ObjectID(53eacf9c7556f4ed5ba51069),"53eacad37556f4ee5ba51036","四川"
ObjectID(53eacf9c7556f4ed5ba5106a),"53eacad37556f4ee5ba51036","云南"
ObjectID(53eacf9c7556f4ed5ba5106b),"53eacad37556f4ee5ba51036","东北"
ObjectID(53eacfec7556f4eb5ba51075),"53eacad37556f4ee5ba51037","铁观音"
ObjectID(53eacfec7556f4eb5ba51076),"53eacad37556f4ee5ba51037","普洱"
ObjectID(53eacfec7556f4eb5ba51077),"53eacad37556f4ee5ba51037","龙井"
ObjectID(53eacfec7556f4eb5ba51078),"53eacad37556f4ee5ba51037","绿茶"
ObjectID(53eacfec7556f4eb5ba51079),"53eacad37556f4ee5ba51037","红茶"
ObjectID(53eacfec7556f4eb5ba5107a),"53eacad37556f4ee5ba51037","乌龙茶"
ObjectID(53eacfec7556f4eb5ba5107b),"53eacad37556f4ee5ba51037","花草茶"
ObjectID(53eacfec7556f4eb5ba5107c),"53eacad37556f4ee5ba51037","花果茶"
ObjectID(53eacfec7556f4eb5ba5107d),"53eacad37556f4ee5ba51037","养生茶"
ObjectID(53eacfec7556f4eb5ba5107e),"53eacad37556f4ee5ba51037","黑茶"
ObjectID(53eacfec7556f4eb5ba5107f),"53eacad37556f4ee5ba51037","白茶"
ObjectID(53eacfec7556f4eb5ba51080),"53eacad37556f4ee5ba51037","其它茶"
ObjectID(53eacfff7556f4f15ba51074),"53eacad37556f4ee5ba51038","牛奶乳品"
ObjectID(53eacfff7556f4f15ba51075),"53eacad37556f4ee5ba51038","饮料"
ObjectID(53eacfff7556f4f15ba51076),"53eacad37556f4ee5ba51038","饮用水"
ObjectID(53eacfff7556f4f15ba51077),"53eacad37556f4ee5ba51038","咖啡/奶茶"
ObjectID(53eacfff7556f4f15ba51078),"53eacad37556f4ee5ba51038","蜂蜜/柚子茶"
ObjectID(53eacfff7556f4f15ba51079),"53eacad37556f4ee5ba51038","冲饮谷物"
ObjectID(53eacfff7556f4f15ba5107b),"53eacad37556f4ee5ba51038","成人奶粉"
ObjectID(53ead00d7556f4ec5ba51066),"53eacad37556f4ee5ba51039","米面杂粮"
ObjectID(53ead00d7556f4ec5ba51067),"53eacad37556f4ee5ba51039","食用油"
ObjectID(53ead00d7556f4ec5ba51068),"53eacad37556f4ee5ba51039","调味品"
ObjectID(53ead00d7556f4ec5ba51069),"53eacad37556f4ee5ba51039","南北干货"
ObjectID(53ead00d7556f4ec5ba5106a),"53eacad37556f4ee5ba51039","方便食品"
ObjectID(53ead00d7556f4ec5ba5106b),"53eacad37556f4ee5ba51039","有机食品"
ObjectID(53ead02c7556f4f05ba51065),"53eacb137556f4f25ba51035","调节"
ObjectID(53ead02c7556f4f05ba51066),"53eacb137556f4f25ba51035","免疫调节"
ObjectID(53ead02c7556f4f05ba51067),"53eacb137556f4f25ba51035","三高"
ObjectID(53ead02c7556f4f05ba51068),"53eacb137556f4f25ba51035","缓解疲劳"
ObjectID(53ead02c7556f4f05ba51069),"53eacb137556f4f25ba51035","美体塑身"
ObjectID(53ead02c7556f4f05ba5106a),"53eacb137556f4f25ba51035","美容养颜"
ObjectID(53ead02c7556f4f05ba5106b),"53eacb137556f4f25ba51035","肝肾养护"
ObjectID(53ead02c7556f4f05ba5106c),"53eacb137556f4f25ba51035","肠胃养护"
ObjectID(53ead02c7556f4f05ba5106d),"53eacb137556f4f25ba51035","明目益智"
ObjectID(53ead02c7556f4f05ba5106e),"53eacb137556f4f25ba51035","骨骼健康"
ObjectID(53ead02c7556f4f05ba5106f),"53eacb137556f4f25ba51035","改善睡眠"
ObjectID(53ead02c7556f4f05ba51070),"53eacb137556f4f25ba51035","抗氧化"
ObjectID(53ead02c7556f4f05ba51071),"53eacb137556f4f25ba51035","耐缺氧"
ObjectID(53ead03d7556f4f35ba51057),"53eacb137556f4f25ba51036","维生素/矿物质"
ObjectID(53ead03d7556f4f35ba51058),"53eacb137556f4f25ba51036","蛋白质"
ObjectID(53ead03d7556f4f35ba51059),"53eacb137556f4f25ba51036","鱼油/磷脂"
ObjectID(53ead03d7556f4f35ba5105a),"53eacb137556f4f25ba51036","螺旋藻"
ObjectID(53ead03d7556f4f35ba5105b),"53eacb137556f4f25ba51036","番茄红素"
ObjectID(53ead03d7556f4f35ba5105c),"53eacb137556f4f25ba51036","叶酸"
ObjectID(53ead03d7556f4f35ba5105d),"53eacb137556f4f25ba51036","葡萄籽左旋"
ObjectID(53ead03d7556f4f35ba5105e),"53eacb137556f4f25ba51036","肉碱辅酶"
ObjectID(53ead03d7556f4f35ba5105f),"53eacb137556f4f25ba51036","Q10益生菌"
ObjectID(53ead03d7556f4f35ba51060),"53eacb137556f4f25ba51036","玛咖膳食纤维"
ObjectID(53ead03d7556f4f35ba51061),"53eacb137556f4f25ba51036","牛初乳"
ObjectID(53ead03d7556f4f35ba51062),"53eacb137556f4f25ba51036","胶原蛋白"
ObjectID(53ead03d7556f4f35ba51063),"53eacb137556f4f25ba51036","大豆异黄酮"
ObjectID(53ead03d7556f4f35ba51064),"53eacb137556f4f25ba51036","芦荟提取酵素"
ObjectID(53ead05b7556f4ea5ba51064),"53eacb137556f4f25ba51037","蜂产品"
ObjectID(53ead05b7556f4ea5ba51065),"53eacb137556f4f25ba51037","阿胶"
ObjectID(53ead05b7556f4ea5ba51066),"53eacb137556f4f25ba51037","参类"
ObjectID(53ead05b7556f4ea5ba51067),"53eacb137556f4f25ba51037","冬虫夏草"
ObjectID(53ead05b7556f4ea5ba51068),"53eacb137556f4f25ba51037","燕窝"
ObjectID(53ead05b7556f4ea5ba51069),"53eacb137556f4f25ba51037","海参"
ObjectID(53ead05b7556f4ea5ba5106a),"53eacb137556f4f25ba51037","养生茶饮"
ObjectID(53ead05b7556f4ea5ba5106b),"53eacb137556f4f25ba51037","鹿茸"
ObjectID(53ead05b7556f4ea5ba5106c),"53eacb137556f4f25ba51037","灵芝"
ObjectID(53ead05b7556f4ea5ba5106d),"53eacb137556f4f25ba51037","药食同源"
ObjectID(53ead06d7556f4ee5ba5105a),"53eacb137556f4f25ba51038","安全避孕"
ObjectID(53ead06d7556f4ee5ba5105b),"53eacb137556f4f25ba51038","验孕测孕"
ObjectID(53ead06d7556f4ee5ba5105c),"53eacb137556f4f25ba51038","人体润滑"
ObjectID(53ead06d7556f4ee5ba5105d),"53eacb137556f4f25ba51038","情爱玩具"
ObjectID(53ead06d7556f4ee5ba5105e),"53eacb137556f4f25ba51038","情趣内衣"
ObjectID(53ead07b7556f4f25ba51053),"53eacb137556f4f25ba51039","血压仪器"
ObjectID(53ead07b7556f4f25ba51054),"53eacb137556f4f25ba51039","血糖用品"
ObjectID(53ead07b7556f4f25ba51055),"53eacb137556f4f25ba51039","养生器械"
ObjectID(53ead07b7556f4f25ba51056),"53eacb137556f4f25ba51039","康复辅助"
ObjectID(53ead07b7556f4f25ba51057),"53eacb137556f4f25ba51039","中医保健"
ObjectID(53ead07b7556f4f25ba51058),"53eacb137556f4f25ba51039","家庭护理"
ObjectID(53ead07b7556f4f25ba51059),"53eacb137556f4f25ba51039","呼吸制氧"
ObjectID(53ead0887556f4ef5ba5104a),"53eacb137556f4f25ba5103a","口罩"
ObjectID(53ead0887556f4ef5ba5104b),"53eacb137556f4f25ba5103a","跌打损伤"
ObjectID(53ead0887556f4ef5ba5104c),"53eacb137556f4f25ba5103a","防裂抗冻"
ObjectID(53ead0887556f4ef5ba5104d),"53eacb137556f4f25ba5103a","眼部保健"
ObjectID(53ead0887556f4ef5ba5104e),"53eacb137556f4f25ba5103a","鼻咽健康"
ObjectID(53ead0967556f4e95ba51056),"53eacb457556f4ef5ba5102e","清洁护肤"
ObjectID(53ead0967556f4e95ba51057),"53eacb457556f4ef5ba5102e","面膜"
ObjectID(53ead0967556f4e95ba51058),"53eacb457556f4ef5ba5102e","剃须"
ObjectID(53ead0a37556f4ed5ba5106c),"53eacb457556f4ef5ba5102f","洗发"
ObjectID(53ead0a37556f4ed5ba5106d),"53eacb457556f4ef5ba5102f","护发"
ObjectID(53ead0a37556f4ed5ba5106e),"53eacb457556f4ef5ba5102f","染发"
ObjectID(53ead0a37556f4ed5ba5106f),"53eacb457556f4ef5ba5102f","造型"
ObjectID(53ead0a37556f4ed5ba51070),"53eacb457556f4ef5ba5102f","假发"
ObjectID(53ead0b17556f4eb5ba51081),"53eacb457556f4ef5ba51030","沐浴润肤"
ObjectID(53ead0b17556f4eb5ba51082),"53eacb457556f4ef5ba51030","颈部"
ObjectID(53ead0b17556f4eb5ba51083),"53eacb457556f4ef5ba51030","手足纤体塑形"
ObjectID(53ead0b17556f4eb5ba51084),"53eacb457556f4ef5ba51030","美胸"
ObjectID(53ead0be7556f4f15ba5107c),"53eacb457556f4ef5ba51031","牙膏/牙粉"
ObjectID(53ead0be7556f4f15ba5107d),"53eacb457556f4ef5ba51031","牙刷/牙线"
ObjectID(53ead0be7556f4f15ba5107e),"53eacb457556f4ef5ba51031","漱口水"
ObjectID(53ead0ca7556f4ec5ba5106c),"53eacb457556f4ef5ba51032","卫生巾"
ObjectID(53ead0ca7556f4ec5ba5106d),"53eacb457556f4ef5ba51032","卫生护垫"
ObjectID(53ead0ca7556f4ec5ba5106e),"53eacb457556f4ef5ba51032","私密护理"
ObjectID(53ead0ca7556f4ec5ba5106f),"53eacb457556f4ef5ba51032","脱毛膏"
ObjectID(53ead0d77556f4f05ba51072),"53eacb457556f4ef5ba51033","香水"
ObjectID(53ead0d77556f4f05ba51073),"53eacb457556f4ef5ba51033","底妆"
ObjectID(53ead0d77556f4f05ba51074),"53eacb457556f4ef5ba51033","腮红"
ObjectID(53ead0d77556f4f05ba51075),"53eacb457556f4ef5ba51033","眼部"
ObjectID(53ead0d77556f4f05ba51076),"53eacb457556f4ef5ba51033","唇部"
ObjectID(53ead0d77556f4f05ba51077),"53eacb457556f4ef5ba51033","美甲"
ObjectID(53ead0d77556f4f05ba51078),"53eacb457556f4ef5ba51033","美容"
ObjectID(53ead0d77556f4f05ba51079),"53eacb457556f4ef5ba51033","工具套装"
ObjectID(53ead0eb7556f4f35ba51065),"53eacbb57556f4e95ba51034","0-6个月"
ObjectID(53ead0eb7556f4f35ba51066),"53eacbb57556f4e95ba51034","6-12个月"
ObjectID(53ead0eb7556f4f35ba51067),"53eacbb57556f4e95ba51034","1-3岁"
ObjectID(53ead0eb7556f4f35ba51068),"53eacbb57556f4e95ba51034","3-6岁"
ObjectID(53ead0eb7556f4f35ba51069),"53eacbb57556f4e95ba51034","6-14岁"
ObjectID(53ead0eb7556f4f35ba5106a),"53eacbb57556f4e95ba51034","14岁以上"
ObjectID(53ead0f87556f4ea5ba5106e),"53eacbb57556f4e95ba51035","遥控车"
ObjectID(53ead0f87556f4ea5ba5106f),"53eacbb57556f4e95ba51035","遥控飞机"
ObjectID(53ead0f87556f4ea5ba51070),"53eacbb57556f4e95ba51035","遥控船"
ObjectID(53ead0f87556f4ea5ba51071),"53eacbb57556f4e95ba51035","机器人/电动"
ObjectID(53ead0f87556f4ea5ba51072),"53eacbb57556f4e95ba51035","轨道/助力"
ObjectID(53ead1067556f4ee5ba5105f),"53eacbb57556f4e95ba51036","毛绒/布艺"
ObjectID(53ead1067556f4ee5ba51060),"53eacbb57556f4e95ba51036","靠垫/抱枕"
ObjectID(53ead1157556f4f25ba5105a),"53eacbb57556f4e95ba51037","芭比娃娃"
ObjectID(53ead1157556f4f25ba5105b),"53eacbb57556f4e95ba51037","卡通娃娃"
ObjectID(53ead1157556f4f25ba5105c),"53eacbb57556f4e95ba51037","智能娃娃"
ObjectID(53ead1217556f4ef5ba5104f),"53eacbb57556f4e95ba51038","仿真模型"
ObjectID(53ead1217556f4ef5ba51050),"53eacbb57556f4e95ba51038","拼插模型"
ObjectID(53ead1217556f4ef5ba51051),"53eacbb57556f4e95ba51038","收藏爱好"
ObjectID(53ead12f7556f4e95ba51059),"53eacbb57556f4e95ba51039","炫舞毯"
ObjectID(53ead12f7556f4e95ba5105a),"53eacbb57556f4e95ba51039","爬行垫/毯"
ObjectID(53ead12f7556f4e95ba5105b),"53eacbb57556f4e95ba51039","户外玩具"
ObjectID(53ead12f7556f4e95ba5105c),"53eacbb57556f4e95ba51039","戏水玩具"
ObjectID(53ead13b7556f4ed5ba51071),"53eacbb57556f4e95ba5103a","电影周边"
ObjectID(53ead13b7556f4ed5ba51072),"53eacbb57556f4e95ba5103a","卡通周边"
ObjectID(53ead13b7556f4ed5ba51073),"53eacbb57556f4e95ba5103a","网游周边"
ObjectID(53ead1477556f4eb5ba51085),"53eacbb57556f4e95ba5103b","摇铃/床铃"
ObjectID(53ead1477556f4eb5ba51086),"53eacbb57556f4e95ba5103b","健身架"
ObjectID(53ead1477556f4eb5ba51087),"53eacbb57556f4e95ba5103b","早教启智"
ObjectID(53ead1477556f4eb5ba51088),"53eacbb57556f4e95ba5103b","拖拉玩具"
ObjectID(53ead1547556f4f15ba5107f),"53eacbb57556f4e95ba5103c","积木"
ObjectID(53ead1547556f4f15ba51080),"53eacbb57556f4e95ba5103c","拼图"
ObjectID(53ead1547556f4f15ba51081),"53eacbb57556f4e95ba5103c","磁力棒"
ObjectID(53ead1547556f4f15ba51082),"53eacbb57556f4e95ba5103c","立体拼插"
ObjectID(53ead1627556f4ec5ba51070),"53eacbb57556f4e95ba5103d","手工彩泥"
ObjectID(53ead1627556f4ec5ba51071),"53eacbb57556f4e95ba5103d","绘画工具"
ObjectID(53ead1627556f4ec5ba51072),"53eacbb57556f4e95ba5103d","情景玩具"
ObjectID(53ead16e7556f4f05ba5107a),"53eacbb57556f4e95ba5103e","减压玩具"
ObjectID(53ead16e7556f4f05ba5107b),"53eacbb57556f4e95ba5103e","创意玩具"
ObjectID(53ead17b7556f4f35ba5106b),"53eacbb57556f4e95ba5103f","钢琴"
ObjectID(53ead17b7556f4f35ba5106c),"53eacbb57556f4e95ba5103f","电子琴"
ObjectID(53ead17b7556f4f35ba5106d),"53eacbb57556f4e95ba5103f","手风琴"
ObjectID(53ead17b7556f4f35ba5106e),"53eacbb57556f4e95ba5103f","吉他/贝斯"
ObjectID(53ead17b7556f4f35ba5106f),"53eacbb57556f4e95ba5103f","民族管弦乐器"
ObjectID(53ead17b7556f4f35ba51070),"53eacbb57556f4e95ba5103f","西洋管弦乐"
ObjectID(53ead17b7556f4f35ba51071),"53eacbb57556f4e95ba5103f","口琴/口风琴/竖笛"
ObjectID(53ead17b7556f4f35ba51072),"53eacbb57556f4e95ba5103f","西洋打击乐器"
ObjectID(53ead17b7556f4f35ba51073),"53eacbb57556f4e95ba5103f","各式乐器配件"
ObjectID(53ead17b7556f4f35ba51074),"53eacbb57556f4e95ba5103f","电脑音乐"
ObjectID(53ead17b7556f4f35ba51075),"53eacbb57556f4e95ba5103f","工艺礼品乐器"
ObjectID(53ead18b7556f4ea5ba51073),"53eacc1e7556f4ed5ba5103a","品牌奶粉"
ObjectID(53ead18b7556f4ea5ba51074),"53eacc1e7556f4ed5ba5103a","特殊配方"
ObjectID(53ead18b7556f4ea5ba51075),"53eacc1e7556f4ed5ba5103a","妈妈奶粉"
ObjectID(53ead18b7556f4ea5ba51076),"53eacc1e7556f4ed5ba5103a","1段奶粉"
ObjectID(53ead18b7556f4ea5ba51077),"53eacc1e7556f4ed5ba5103a","2段奶粉"
ObjectID(53ead18b7556f4ea5ba51078),"53eacc1e7556f4ed5ba5103a","3段奶粉"
ObjectID(53ead18b7556f4ea5ba51079),"53eacc1e7556f4ed5ba5103a","4段奶粉"
ObjectID(53ead18b7556f4ea5ba5107a),"53eacc1e7556f4ed5ba5103a","羊奶粉"
ObjectID(53ead18b7556f4ea5ba5107b),"53eacc1e7556f4ed5ba5103a","成人奶粉"
ObjectID(53ead19e7556f4ee5ba51061),"53eacc1e7556f4ed5ba5103b","婴幼营养初乳米粉"
ObjectID(53ead19e7556f4ee5ba51062),"53eacc1e7556f4ed5ba5103b","菜粉果泥"
ObjectID(53ead19e7556f4ee5ba51063),"53eacc1e7556f4ed5ba5103b","果汁肉松"
ObjectID(53ead19e7556f4ee5ba51064),"53eacc1e7556f4ed5ba5103b","饼干辅食面条"
ObjectID(53ead19e7556f4ee5ba51065),"53eacc1e7556f4ed5ba5103b","粥孕期营养清火"
ObjectID(53ead19e7556f4ee5ba51066),"53eacc1e7556f4ed5ba5103b","开胃"
ObjectID(53ead1ab7556f4f25ba5105d),"53eacc1e7556f4ed5ba5103c","品牌尿裤"
ObjectID(53ead1ab7556f4f25ba5105e),"53eacc1e7556f4ed5ba5103c","新生儿"
ObjectID(53ead1ab7556f4f25ba5105f),"53eacc1e7556f4ed5ba5103c","S号"
ObjectID(53ead1ab7556f4f25ba51060),"53eacc1e7556f4ed5ba5103c","M号"
ObjectID(53ead1ab7556f4f25ba51061),"53eacc1e7556f4ed5ba5103c","L号"
ObjectID(53ead1ab7556f4f25ba51062),"53eacc1e7556f4ed5ba5103c","XL/XXL号"
ObjectID(53ead1ab7556f4f25ba51063),"53eacc1e7556f4ed5ba5103c","裤型尿裤"
ObjectID(53ead1ab7556f4f25ba51064),"53eacc1e7556f4ed5ba5103c","湿巾"
ObjectID(53ead1ab7556f4f25ba51065),"53eacc1e7556f4ed5ba5103c","尿布/尿垫"
ObjectID(53ead1ab7556f4f25ba51066),"53eacc1e7556f4ed5ba5103c","成人尿裤"
ObjectID(53ead1bb7556f4ef5ba51052),"53eacc1e7556f4ed5ba5103d","宝宝护肤"
ObjectID(53ead1bb7556f4ef5ba51053),"53eacc1e7556f4ed5ba5103d","护理用品"
ObjectID(53ead1bb7556f4ef5ba51054),"53eacc1e7556f4ed5ba5103d","洗发沐浴"
ObjectID(53ead1bb7556f4ef5ba51055),"53eacc1e7556f4ed5ba5103d","清洁用品"
ObjectID(53ead1bb7556f4ef5ba51056),"53eacc1e7556f4ed5ba5103d","洗浴用品"
ObjectID(53ead1bb7556f4ef5ba51057),"53eacc1e7556f4ed5ba5103d","妈妈护肤"
ObjectID(53ead1c87556f4e95ba5105d),"53eacc1e7556f4ed5ba5103e","婴儿推车"
ObjectID(53ead1c87556f4e95ba5105e),"53eacc1e7556f4ed5ba5103e","安全座椅"
ObjectID(53ead1c87556f4e95ba5105f),"53eacc1e7556f4ed5ba5103e","餐椅"
ObjectID(53ead1c87556f4e95ba51060),"53eacc1e7556f4ed5ba5103e","摇椅"
ObjectID(53ead1c87556f4e95ba51061),"53eacc1e7556f4ed5ba5103e","婴儿床"
ObjectID(53ead1c87556f4e95ba51062),"53eacc1e7556f4ed5ba5103e","自行车"
ObjectID(53ead1c87556f4e95ba51063),"53eacc1e7556f4ed5ba5103e","学步车"
ObjectID(53ead1c87556f4e95ba51064),"53eacc1e7556f4ed5ba5103e","三轮车"
ObjectID(53ead1c87556f4e95ba51065),"53eacc1e7556f4ed5ba5103e","电动车"
ObjectID(53ead1c87556f4e95ba51066),"53eacc1e7556f4ed5ba5103e","健身车"
ObjectID(53ead1d57556f4ed5ba51074),"53eacc1e7556f4ed5ba5103f","奶瓶"
ObjectID(53ead1d57556f4ed5ba51075),"53eacc1e7556f4ed5ba5103f","奶嘴"
ObjectID(53ead1d57556f4ed5ba51076),"53eacc1e7556f4ed5ba5103f","吸奶器"
ObjectID(53ead1d57556f4ed5ba51077),"53eacc1e7556f4ed5ba5103f","暖奶/消毒"
ObjectID(53ead1d57556f4ed5ba51078),"53eacc1e7556f4ed5ba5103f","水具"
ObjectID(53ead1d57556f4ed5ba51079),"53eacc1e7556f4ed5ba5103f","牙胶/安抚"
ObjectID(53ead1e17556f4eb5ba51089),"53eacc1e7556f4ed5ba51040","婴儿服"
ObjectID(53ead1e17556f4eb5ba5108a),"53eacc1e7556f4ed5ba51040","婴儿家居"
ObjectID(53ead1e17556f4eb5ba5108b),"53eacc1e7556f4ed5ba51040","婴儿鞋袜"
ObjectID(53ead1e17556f4eb5ba5108c),"53eacc1e7556f4ed5ba51040","安全用品"
ObjectID(53ead1ed7556f4f15ba51083),"53eacc1e7556f4ed5ba51041","包/背婴带"
ObjectID(53ead1ed7556f4f15ba51084),"53eacc1e7556f4ed5ba51041","妈妈护理"
ObjectID(53ead1ed7556f4f15ba51085),"53eacc1e7556f4ed5ba51041","产后塑身"
ObjectID(53ead1ed7556f4f15ba51086),"53eacc1e7556f4ed5ba51041","孕妇内衣"
ObjectID(53ead1ed7556f4f15ba51087),"53eacc1e7556f4ed5ba51041","防辐射服"
ObjectID(53ead1ed7556f4f15ba51088),"53eacc1e7556f4ed5ba51041","孕妇装"
ObjectID(53ead1ed7556f4f15ba51089),"53eacc1e7556f4ed5ba51041","孕妇食品"
ObjectID(53ead1ed7556f4f15ba5108a),"53eacc1e7556f4ed5ba51041","妈妈美容"
ObjectID(53ead5017556f4ef5ba51058),"53eac6577556f4f15ba51025","厨具"
ObjectID(53ead5017556f4ef5ba51059),"53eac6577556f4f15ba51025","家装建材"
ObjectID(53ead5017556f4ef5ba5105a),"53eac6577556f4f15ba51025","家纺"
ObjectID(53ead5017556f4ef5ba5105b),"53eac6577556f4f15ba51025","家具"
ObjectID(53ead5017556f4ef5ba5105c),"53eac6577556f4f15ba51025","灯具"
ObjectID(53ead5017556f4ef5ba5105d),"53eac6577556f4f15ba51025","生活日用"
ObjectID(53ead5017556f4ef5ba5105e),"53eac6577556f4f15ba51025","家装软饰"
ObjectID(53ead5017556f4ef5ba5105f),"53eac6577556f4f15ba51025","清洁用品"
ObjectID(53ead54a7556f4ec5ba51073),"53ead5017556f4ef5ba51058","烹饪"
ObjectID(53ead54a7556f4ec5ba51074),"53ead5017556f4ef5ba51058","锅具"
ObjectID(53ead54a7556f4ec5ba51075),"53ead5017556f4ef5ba51058","刀剪"
ObjectID(53ead54a7556f4ec5ba51076),"53ead5017556f4ef5ba51058","菜板"
ObjectID(53ead54a7556f4ec5ba51077),"53ead5017556f4ef5ba51058","厨房配件"
ObjectID(53ead54a7556f4ec5ba51078),"53ead5017556f4ef5ba51058","水具"
ObjectID(53ead54a7556f4ec5ba51079),"53ead5017556f4ef5ba51058","酒具"
ObjectID(53ead54a7556f4ec5ba5107a),"53ead5017556f4ef5ba51058","餐具"
ObjectID(53ead54a7556f4ec5ba5107b),"53ead5017556f4ef5ba51058","茶具/咖啡具"
ObjectID(53ead55f7556f4ea5ba5107c),"53ead5017556f4ef5ba51059","灯饰照明"
ObjectID(53ead55f7556f4ea5ba5107d),"53ead5017556f4ef5ba51059","厨房卫浴"
ObjectID(53ead55f7556f4ea5ba5107e),"53ead5017556f4ef5ba51059","五金工具"
ObjectID(53ead55f7556f4ea5ba5107f),"53ead5017556f4ef5ba51059","电工电料"
ObjectID(53ead55f7556f4ea5ba51080),"53ead5017556f4ef5ba51059","墙地面材料"
ObjectID(53ead55f7556f4ea5ba51081),"53ead5017556f4ef5ba51059","装饰材料"
ObjectID(53ead55f7556f4ea5ba51082),"53ead5017556f4ef5ba51059","装修服务"
ObjectID(53ead55f7556f4ea5ba51083),"53ead5017556f4ef5ba51059","吸顶灯"
ObjectID(53ead55f7556f4ea5ba51084),"53ead5017556f4ef5ba51059","淋浴花洒"
ObjectID(53ead55f7556f4ea5ba51085),"53ead5017556f4ef5ba51059","开关插座"
ObjectID(53ead55f7556f4ea5ba51086),"53ead5017556f4ef5ba51059","油漆"
ObjectID(53ead55f7556f4ea5ba51087),"53ead5017556f4ef5ba51059","涂料"
ObjectID(53ead55f7556f4ea5ba51088),"53ead5017556f4ef5ba51059","龙头"
ObjectID(53ead5747556f4f05ba5107c),"53ead5017556f4ef5ba5105a","床品套件"
ObjectID(53ead5747556f4f05ba5107d),"53ead5017556f4ef5ba5105a","被子"
ObjectID(53ead5747556f4f05ba5107e),"53ead5017556f4ef5ba5105a","蚊帐"
ObjectID(53ead5747556f4f05ba5107f),"53ead5017556f4ef5ba5105a","凉席"
ObjectID(53ead5747556f4f05ba51080),"53ead5017556f4ef5ba5105a","床单被罩"
ObjectID(53ead5747556f4f05ba51081),"53ead5017556f4ef5ba5105a","枕芯"
ObjectID(53ead5747556f4f05ba51082),"53ead5017556f4ef5ba5105a","毛巾浴巾"
ObjectID(53ead5747556f4f05ba51083),"53ead5017556f4ef5ba5105a","布艺"
ObjectID(53ead5747556f4f05ba51084),"53ead5017556f4ef5ba5105a","软饰"
ObjectID(53ead5747556f4f05ba51085),"53ead5017556f4ef5ba5105a","毯子"
ObjectID(53ead5747556f4f05ba51086),"53ead5017556f4ef5ba5105a","抱枕靠垫"
ObjectID(53ead5747556f4f05ba51087),"53ead5017556f4ef5ba5105a","床垫/床褥窗帘/窗纱"
ObjectID(53ead5747556f4f05ba51088),"53ead5017556f4ef5ba5105a","电热毯"
ObjectID(53ead5887556f4f35ba51076),"53ead5017556f4ef5ba5105b","卧室家具"
ObjectID(53ead5887556f4f35ba51077),"53ead5017556f4ef5ba5105b","客厅家具"
ObjectID(53ead5887556f4f35ba51078),"53ead5017556f4ef5ba5105b","餐厅家具"
ObjectID(53ead5887556f4f35ba51079),"53ead5017556f4ef5ba5105b","书房家具"
ObjectID(53ead5887556f4f35ba5107a),"53ead5017556f4ef5ba5105b","储物家具"
ObjectID(53ead5887556f4f35ba5107b),"53ead5017556f4ef5ba5105b","阳台/户外"
ObjectID(53ead5887556f4f35ba5107c),"53ead5017556f4ef5ba5105b","商业办公床"
ObjectID(53ead5887556f4f35ba5107d),"53ead5017556f4ef5ba5105b","床垫"
ObjectID(53ead5887556f4f35ba5107e),"53ead5017556f4ef5ba5105b","沙发"
ObjectID(53ead5887556f4f35ba5107f),"53ead5017556f4ef5ba5105b","电脑椅"
ObjectID(53ead5887556f4f35ba51080),"53ead5017556f4ef5ba5105b","衣柜"
ObjectID(53ead5887556f4f35ba51081),"53ead5017556f4ef5ba5105b","茶几"
ObjectID(53ead5887556f4f35ba51082),"53ead5017556f4ef5ba5105b","电视柜"
ObjectID(53ead5887556f4f35ba51083),"53ead5017556f4ef5ba5105b","餐桌"
ObjectID(53ead5887556f4f35ba51084),"53ead5017556f4ef5ba5105b","电脑桌"
ObjectID(53ead5887556f4f35ba51085),"53ead5017556f4ef5ba5105b","鞋架/衣帽架"
ObjectID(53ead59c7556f4f25ba51067),"53ead5017556f4ef5ba5105c","台灯"
ObjectID(53ead59c7556f4f25ba51068),"53ead5017556f4ef5ba5105c","吸顶灯"
ObjectID(53ead59c7556f4f25ba51069),"53ead5017556f4ef5ba5105c","筒灯"
ObjectID(53ead59c7556f4f25ba5106a),"53ead5017556f4ef5ba5105c","射灯"
ObjectID(53ead59c7556f4f25ba5106b),"53ead5017556f4ef5ba5105c","LED灯"
ObjectID(53ead59c7556f4f25ba5106c),"53ead5017556f4ef5ba5105c","节能灯"
ObjectID(53ead59c7556f4f25ba5106d),"53ead5017556f4ef5ba5105c","落地灯"
ObjectID(53ead59c7556f4f25ba5106e),"53ead5017556f4ef5ba5105c","五金电器"
ObjectID(53ead59c7556f4f25ba5106f),"53ead5017556f4ef5ba5105c","应急灯/手电"
ObjectID(53ead59c7556f4f25ba51070),"53ead5017556f4ef5ba5105c","装饰灯"
ObjectID(53ead59c7556f4f25ba51071),"53ead5017556f4ef5ba5105c","吊灯"
ObjectID(53ead59c7556f4f25ba51072),"53ead5017556f4ef5ba5105c","氛围照明"
ObjectID(53ead5b17556f4ef5ba51060),"53ead5017556f4ef5ba5105d","收纳用品"
ObjectID(53ead5b17556f4ef5ba51061),"53ead5017556f4ef5ba5105d","雨伞雨具"
ObjectID(53ead5b17556f4ef5ba51062),"53ead5017556f4ef5ba5105d","浴室用品"
ObjectID(53ead5b17556f4ef5ba51063),"53ead5017556f4ef5ba5105d","缝纫/针织用品洗晒/熨烫"
ObjectID(53ead5b17556f4ef5ba51064),"53ead5017556f4ef5ba5105d","净化"
ObjectID(53ead5b17556f4ef5ba51065),"53ead5017556f4ef5ba5105d","除味"
ObjectID(53ead5ca7556f4e95ba51067),"53ead5017556f4ef5ba5105e","桌布/罩件"
ObjectID(53ead5ca7556f4e95ba51068),"53ead5017556f4ef5ba5105e","地毯"
ObjectID(53ead5ca7556f4e95ba51069),"53ead5017556f4ef5ba5105e","地垫"
ObjectID(53ead5ca7556f4e95ba5106a),"53ead5017556f4ef5ba5105e","沙发垫套/椅垫"
ObjectID(53ead5ca7556f4e95ba5106b),"53ead5017556f4ef5ba5105e","帘艺隔断"
ObjectID(53ead5ca7556f4e95ba5106c),"53ead5017556f4ef5ba5105e","相框/照片"
ObjectID(53ead5ca7556f4e95ba5106d),"53ead5017556f4ef5ba5105e","墙装饰"
ObjectID(53ead5ca7556f4e95ba5106e),"53ead5017556f4ef5ba5105e","字画"
ObjectID(53ead5ca7556f4e95ba5106f),"53ead5017556f4ef5ba5105e","墙贴/装饰贴"
ObjectID(53ead5ca7556f4e95ba51070),"53ead5017556f4ef5ba5105e","节庆饰品"
ObjectID(53ead5ca7556f4e95ba51071),"53ead5017556f4ef5ba5105e","手工/十字绣"
ObjectID(53ead5ca7556f4e95ba51072),"53ead5017556f4ef5ba5105e","钟饰"
ObjectID(53ead5ca7556f4e95ba51073),"53ead5017556f4ef5ba5105e","装饰摆件"
ObjectID(53ead5ca7556f4e95ba51074),"53ead5017556f4ef5ba5105e","花瓶花艺"
ObjectID(53ead5ca7556f4e95ba51075),"53ead5017556f4ef5ba5105e","创意家居"
ObjectID(53ead5ca7556f4e95ba51076),"53ead5017556f4ef5ba5105e","保暖防护"
ObjectID(53ead5ca7556f4e95ba51077),"53ead5017556f4ef5ba5105e","香薰蜡烛"
ObjectID(53ead5de7556f4f15ba5108b),"53ead5017556f4ef5ba5105f","纸品"
ObjectID(53ead5de7556f4f15ba5108c),"53ead5017556f4ef5ba5105f","湿巾"
ObjectID(53ead5de7556f4f15ba5108d),"53ead5017556f4ef5ba5105f","衣物清洁"
ObjectID(53ead5de7556f4f15ba5108e),"53ead5017556f4ef5ba5105f","清洁工具"
ObjectID(53ead5de7556f4f15ba5108f),"53ead5017556f4ef5ba5105f","家庭清洁"
ObjectID(53ead5de7556f4f15ba51090),"53ead5017556f4ef5ba5105f","一次性用品"
ObjectID(53ead5de7556f4f15ba51091),"53ead5017556f4ef5ba5105f","驱虫用品"
ObjectID(53ead5de7556f4f15ba51092),"53ead5017556f4ef5ba5105f","皮具护理"
ObjectID(53eb03047556f4ef5ba51066),"53eac9767556f4f15ba5102d","T恤"
ObjectID(53eb03fc7556f4ee5ba51067),"53eac9767556f4f15ba5102e","T恤"
ObjectID(53eb1f8e7556f4eb5ba5108d),"53eac9ad7556f4ec5ba51034","防水台"
ObjectID(53eb1fe17556f4ed5ba5107a),"53eac9e37556f4f05ba51036","清洁机"
ObjectID(53eb20057556f4ef5ba51067),"53eac9e37556f4f05ba51038","剃/脱毛器"
ObjectID(53eb20a27556f4f15ba51094),"53eaca447556f4f35ba51033","户外袜"
ObjectID(53eb20f17556f4f35ba51087),"53eaca447556f4f35ba51034","帐篷/垫子"
ObjectID(53eb21057556f4f25ba51073),"53eaca447556f4f35ba51034","睡袋/吊床"
ObjectID(53eb22e67556f4eb5ba5108e),"53eacad37556f4ee5ba51033","黄酒/养生酒"
ObjectID(53eb22f37556f4ea5ba51089),"53eacad37556f4ee5ba51033","收藏酒/陈年老酒"
